,strategy,params,start_date,end_date,final_portfolio_value,total_trades,winning_trades,losing_trades,average_return
0,SMA_Crossover,"{'fast_period': 5, 'slow_period': 20, 'take_profit_pct': 0.05, 'stop_loss_pct': 0.03}",2023-08-28 09:30:00-04:00,2024-02-06 10:45:00-05:00,992123.77,83,19,64,-0.00476358608083811
1,SMA_Crossover,"{'fast_period': 5, 'slow_period': 30, 'take_profit_pct': 0.05, 'stop_loss_pct': 0.03}",2023-08-28 09:30:00-04:00,2024-02-06 10:45:00-05:00,996770.9500000002,63,18,45,-0.002565114074750733
2,SMA_Crossover,"{'fast_period': 5, 'slow_period': 40, 'take_profit_pct': 0.05, 'stop_loss_pct': 0.03}",2023-08-28 09:30:00-04:00,2024-02-06 10:45:00-05:00,996374.9000000003,48,11,37,-0.0037810464059941182
3,SMA_Crossover,"{'fast_period': 10, 'slow_period': 20, 'take_profit_pct': 0.05, 'stop_loss_pct': 0.03}",2023-08-28 09:30:00-04:00,2024-02-06 10:45:00-05:00,995416.0899999999,76,23,53,-0.003030675977056574
4,SMA_Crossover,"{'fast_period': 10, 'slow_period': 30, 'take_profit_pct': 0.05, 'stop_loss_pct': 0.03}",2023-08-28 09:30:00-04:00,2024-02-06 10:45:00-05:00,999571.2499999998,49,17,32,-0.00043518209459391386
5,SMA_Crossover,"{'fast_period': 10, 'slow_period': 40, 'take_profit_pct': 0.05, 'stop_loss_pct': 0.03}",2023-08-28 09:30:00-04:00,2024-02-06 10:45:00-05:00,997603.7700000001,39,11,28,-0.003072051295778334
6,SMA_Crossover,"{'fast_period': 15, 'slow_period': 20, 'take_profit_pct': 0.05, 'stop_loss_pct': 0.03}",2023-08-28 09:30:00-04:00,2024-02-06 10:45:00-05:00,998493.6800000007,82,34,48,-0.0009162401074667378
7,SMA_Crossover,"{'fast_period': 15, 'slow_period': 30, 'take_profit_pct': 0.05, 'stop_loss_pct': 0.03}",2023-08-28 09:30:00-04:00,2024-02-06 10:45:00-05:00,999708.3799999997,46,17,29,-0.0001864752575107078
8,SMA_Crossover,"{'fast_period': 15, 'slow_period': 40, 'take_profit_pct': 0.05, 'stop_loss_pct': 0.03}",2023-08-28 09:30:00-04:00,2024-02-06 10:45:00-05:00,996880.5399999999,36,10,26,-0.004336036220418413
9,Bollinger_Bands,"{'period': 15, 'std_dev': 1, 'take_profit_pct': 0.05, 'stop_loss_pct': 0.03}",2023-08-28 09:30:00-04:00,2024-02-06 10:45:00-05:00,1008033.8800000006,94,74,20,0.004097677216072169
10,Bollinger_Bands,"{'period': 15, 'std_dev': 1.5, 'take_profit_pct': 0.05, 'stop_loss_pct': 0.03}",2023-08-28 09:30:00-04:00,2024-02-06 10:45:00-05:00,1011961.5900000001,65,50,15,0.00585451350739298
11,Bollinger_Bands,"{'period': 15, 'std_dev': 2, 'take_profit_pct': 0.05, 'stop_loss_pct': 0.03}",2023-08-28 09:30:00-04:00,2024-02-06 10:45:00-05:00,1007359.7600000004,43,28,15,0.004913106914143328
12,Bollinger_Bands,"{'period': 15, 'std_dev': 2.5, 'take_profit_pct': 0.05, 'stop_loss_pct': 0.03}",2023-08-28 09:30:00-04:00,2024-02-06 10:45:00-05:00,1000081.6700000002,22,10,12,0.0012301142578735825
13,Bollinger_Bands,"{'period': 20, 'std_dev': 1, 'take_profit_pct': 0.05, 'stop_loss_pct': 0.03}",2023-08-28 09:30:00-04:00,2024-02-06 10:45:00-05:00,1006438.3299999994,80,66,14,0.0036978666653910636
14,Bollinger_Bands,"{'period': 20, 'std_dev': 1.5, 'take_profit_pct': 0.05, 'stop_loss_pct': 0.03}",2023-08-28 09:30:00-04:00,2024-02-06 10:45:00-05:00,1011824.47,54,40,14,0.005010833488517579
15,Bollinger_Bands,"{'period': 20, 'std_dev': 2, 'take_profit_pct': 0.05, 'stop_loss_pct': 0.03}",2023-08-28 09:30:00-04:00,2024-02-06 10:45:00-05:00,1005402.5799999996,39,27,12,0.00478145710205482
16,Bollinger_Bands,"{'period': 20, 'std_dev': 2.5, 'take_profit_pct': 0.05, 'stop_loss_pct': 0.03}",2023-08-28 09:30:00-04:00,2024-02-06 10:45:00-05:00,999385.2300000004,21,10,11,0.0011711968964512928
17,Bollinger_Bands,"{'period': 25, 'std_dev': 1, 'take_profit_pct': 0.05, 'stop_loss_pct': 0.03}",2023-08-28 09:30:00-04:00,2024-02-06 10:45:00-05:00,1005027.4400000003,64,50,14,0.0032453568988629793
18,Bollinger_Bands,"{'period': 25, 'std_dev': 1.5, 'take_profit_pct': 0.05, 'stop_loss_pct': 0.03}",2023-08-28 09:30:00-04:00,2024-02-06 10:45:00-05:00,1006357.7699999993,45,31,14,0.0036875220962217883
19,Bollinger_Bands,"{'period': 25, 'std_dev': 2, 'take_profit_pct': 0.05, 'stop_loss_pct': 0.03}",2023-08-28 09:30:00-04:00,2024-02-06 10:45:00-05:00,999746.8800000002,31,21,10,0.0038036510309027655
20,Bollinger_Bands,"{'period': 25, 'std_dev': 2.5, 'take_profit_pct': 0.05, 'stop_loss_pct': 0.03}",2023-08-28 09:30:00-04:00,2024-02-06 10:45:00-05:00,1001255.6200000001,18,10,8,0.004684756474440138
21,Sideways_Bollinger_Bands,"{'period': 10, 'std_dev': 0.5, 'rsi_window': 14, 'take_profit_pct': 0.05, 'stop_loss_pct': 0.03}",2023-08-28 09:30:00-04:00,2024-02-06 10:45:00-05:00,999582.43,33,21,12,-0.0005355974477669353
22,Sideways_Bollinger_Bands,"{'period': 10, 'std_dev': 0.5, 'rsi_window': 21, 'take_profit_pct': 0.05, 'stop_loss_pct': 0.03}",2023-08-28 09:30:00-04:00,2024-02-06 10:45:00-05:00,1000655.1700000004,24,17,7,0.001349687730007271
23,Sideways_Bollinger_Bands,"{'period': 10, 'std_dev': 0.5, 'rsi_window': 28, 'take_profit_pct': 0.05, 'stop_loss_pct': 0.03}",2023-08-28 09:30:00-04:00,2024-02-06 10:45:00-05:00,1001050.47,18,12,6,0.00304223612425949
24,Sideways_Bollinger_Bands,"{'period': 10, 'std_dev': 1, 'rsi_window': 14, 'take_profit_pct': 0.05, 'stop_loss_pct': 0.03}",2023-08-28 09:30:00-04:00,2024-02-06 10:45:00-05:00,1001536.3199999995,39,27,12,0.0015947257423504803
25,Sideways_Bollinger_Bands,"{'period': 10, 'std_dev': 1, 'rsi_window': 21, 'take_profit_pct': 0.05, 'stop_loss_pct': 0.03}",2023-08-28 09:30:00-04:00,2024-02-06 10:45:00-05:00,1002247.5599999995,30,25,5,0.0032338833071181516
26,Sideways_Bollinger_Bands,"{'period': 10, 'std_dev': 1, 'rsi_window': 28, 'take_profit_pct': 0.05, 'stop_loss_pct': 0.03}",2023-08-28 09:30:00-04:00,2024-02-06 10:45:00-05:00,1002795.2,22,19,3,0.005152745933465783
27,Sideways_Bollinger_Bands,"{'period': 15, 'std_dev': 0.5, 'rsi_window': 14, 'take_profit_pct': 0.05, 'stop_loss_pct': 0.03}",2023-08-28 09:30:00-04:00,2024-02-06 10:45:00-05:00,998228.9799999999,11,4,7,-0.006919500950687016
28,Sideways_Bollinger_Bands,"{'period': 15, 'std_dev': 0.5, 'rsi_window': 21, 'take_profit_pct': 0.05, 'stop_loss_pct': 0.03}",2023-08-28 09:30:00-04:00,2024-02-06 10:45:00-05:00,999411.0200000001,15,9,6,-0.001961478166361723
29,Sideways_Bollinger_Bands,"{'period': 15, 'std_dev': 0.5, 'rsi_window': 28, 'take_profit_pct': 0.05, 'stop_loss_pct': 0.03}",2023-08-28 09:30:00-04:00,2024-02-06 10:45:00-05:00,1000953.0599999996,11,8,3,0.0037245098965967404
30,Sideways_Bollinger_Bands,"{'period': 15, 'std_dev': 1, 'rsi_window': 14, 'take_profit_pct': 0.05, 'stop_loss_pct': 0.03}",2023-08-28 09:30:00-04:00,2024-02-06 10:45:00-05:00,1000818.92,29,20,9,0.0009128131957542934
31,Sideways_Bollinger_Bands,"{'period': 15, 'std_dev': 1, 'rsi_window': 21, 'take_profit_pct': 0.05, 'stop_loss_pct': 0.03}",2023-08-28 09:30:00-04:00,2024-02-06 10:45:00-05:00,1001853.3199999998,25,21,4,0.0027000984099348714
32,Sideways_Bollinger_Bands,"{'period': 15, 'std_dev': 1, 'rsi_window': 28, 'take_profit_pct': 0.05, 'stop_loss_pct': 0.03}",2023-08-28 09:30:00-04:00,2024-02-06 10:45:00-05:00,1003028.9300000002,17,17,0,0.0068252783443187815
33,Sideways_Bollinger_Bands,"{'period': 20, 'std_dev': 0.5, 'rsi_window': 14, 'take_profit_pct': 0.05, 'stop_loss_pct': 0.03}",2023-08-28 09:30:00-04:00,2024-02-06 10:45:00-05:00,996979.2399999995,13,5,8,-0.009144753592406855
34,Sideways_Bollinger_Bands,"{'period': 20, 'std_dev': 0.5, 'rsi_window': 21, 'take_profit_pct': 0.05, 'stop_loss_pct': 0.03}",2023-08-28 09:30:00-04:00,2024-02-06 10:45:00-05:00,997878.5299999999,11,5,6,-0.007518793908060514
35,Sideways_Bollinger_Bands,"{'period': 20, 'std_dev': 0.5, 'rsi_window': 28, 'take_profit_pct': 0.05, 'stop_loss_pct': 0.03}",2023-08-28 09:30:00-04:00,2024-02-06 10:45:00-05:00,1000134.3500000001,8,6,2,0.003595785132764215
36,Sideways_Bollinger_Bands,"{'period': 20, 'std_dev': 1, 'rsi_window': 14, 'take_profit_pct': 0.05, 'stop_loss_pct': 0.03}",2023-08-28 09:30:00-04:00,2024-02-06 10:45:00-05:00,998047.36,27,16,11,-0.001511010301866618
37,Sideways_Bollinger_Bands,"{'period': 20, 'std_dev': 1, 'rsi_window': 21, 'take_profit_pct': 0.05, 'stop_loss_pct': 0.03}",2023-08-28 09:30:00-04:00,2024-02-06 10:45:00-05:00,998418.35,17,12,5,0.0004533791956322763
38,Sideways_Bollinger_Bands,"{'period': 20, 'std_dev': 1, 'rsi_window': 28, 'take_profit_pct': 0.05, 'stop_loss_pct': 0.03}",2023-08-28 09:30:00-04:00,2024-02-06 10:45:00-05:00,999947.7900000002,11,10,1,0.006894519405035853
39,Dip_Recovery_Volume,"{'period': 10, 'std_dev': 0.5, 'take_profit_pct': 0.05, 'stop_loss_pct': 0.03}",2023-08-28 09:30:00-04:00,2024-02-06 10:45:00-05:00,996838.3600000006,48,34,14,0.0019390982145830087
40,Dip_Recovery_Volume,"{'period': 10, 'std_dev': 1, 'take_profit_pct': 0.05, 'stop_loss_pct': 0.03}",2023-08-28 09:30:00-04:00,2024-02-06 10:45:00-05:00,998222.1300000001,43,29,14,0.0012354190606247198
41,Dip_Recovery_Volume,"{'period': 15, 'std_dev': 0.5, 'take_profit_pct': 0.05, 'stop_loss_pct': 0.03}",2023-08-28 09:30:00-04:00,2024-02-06 10:45:00-05:00,979450.51,45,31,14,0.0019739463104266014
42,Dip_Recovery_Volume,"{'period': 15, 'std_dev': 1, 'take_profit_pct': 0.05, 'stop_loss_pct': 0.03}",2023-08-28 09:30:00-04:00,2024-02-06 10:45:00-05:00,983048.8799999998,41,26,15,0.00204369248133053
43,Dip_Recovery_Volume,"{'period': 20, 'std_dev': 0.5, 'take_profit_pct': 0.05, 'stop_loss_pct': 0.03}",2023-08-28 09:30:00-04:00,2024-02-06 10:45:00-05:00,987612.09,44,32,12,0.0030059815063230803
44,Dip_Recovery_Volume,"{'period': 20, 'std_dev': 1, 'take_profit_pct': 0.05, 'stop_loss_pct': 0.03}",2023-08-28 09:30:00-04:00,2024-02-06 10:45:00-05:00,988008.0899999996,38,26,12,0.002572176949124889
45,SMA_Crossover,"{'fast_period': 5, 'slow_period': 20, 'take_profit_pct': 0.05, 'stop_loss_pct': 0.03}",2024-01-24 10:15:00-05:00,2024-07-02 15:00:00-04:00,1003279.7200000004,87,33,54,0.0018866583943634894
46,SMA_Crossover,"{'fast_period': 5, 'slow_period': 30, 'take_profit_pct': 0.05, 'stop_loss_pct': 0.03}",2024-01-24 10:15:00-05:00,2024-07-02 15:00:00-04:00,1002607.7999999996,66,26,40,0.0022024338422080895
47,SMA_Crossover,"{'fast_period': 5, 'slow_period': 40, 'take_profit_pct': 0.05, 'stop_loss_pct': 0.03}",2024-01-24 10:15:00-05:00,2024-07-02 15:00:00-04:00,1004762.5700000005,54,16,38,0.004406098484642467
48,SMA_Crossover,"{'fast_period': 10, 'slow_period': 20, 'take_profit_pct': 0.05, 'stop_loss_pct': 0.03}",2024-01-24 10:15:00-05:00,2024-07-02 15:00:00-04:00,1001004.0499999997,80,27,53,0.0006310100390594032
49,SMA_Crossover,"{'fast_period': 10, 'slow_period': 30, 'take_profit_pct': 0.05, 'stop_loss_pct': 0.03}",2024-01-24 10:15:00-05:00,2024-07-02 15:00:00-04:00,1004274.7999999995,54,19,35,0.003956871753690673
50,SMA_Crossover,"{'fast_period': 10, 'slow_period': 40, 'take_profit_pct': 0.05, 'stop_loss_pct': 0.03}",2024-01-24 10:15:00-05:00,2024-07-02 15:00:00-04:00,1005311.2199999997,45,17,28,0.00589685027783911
51,SMA_Crossover,"{'fast_period': 15, 'slow_period': 20, 'take_profit_pct': 0.05, 'stop_loss_pct': 0.03}",2024-01-24 10:15:00-05:00,2024-07-02 15:00:00-04:00,1002469.1100000001,88,35,53,0.0014036026469920716
52,SMA_Crossover,"{'fast_period': 15, 'slow_period': 30, 'take_profit_pct': 0.05, 'stop_loss_pct': 0.03}",2024-01-24 10:15:00-05:00,2024-07-02 15:00:00-04:00,1005553.73,53,20,33,0.005233370038294161
53,SMA_Crossover,"{'fast_period': 15, 'slow_period': 40, 'take_profit_pct': 0.05, 'stop_loss_pct': 0.03}",2024-01-24 10:15:00-05:00,2024-07-02 15:00:00-04:00,1003277.2,43,14,29,0.003811549439956495
54,Bollinger_Bands,"{'period': 15, 'std_dev': 1, 'take_profit_pct': 0.05, 'stop_loss_pct': 0.03}",2024-01-24 10:15:00-05:00,2024-07-02 15:00:00-04:00,1014132.1499999991,84,66,18,0.006089974372839556
55,Bollinger_Bands,"{'period': 15, 'std_dev': 1.5, 'take_profit_pct': 0.05, 'stop_loss_pct': 0.03}",2024-01-24 10:15:00-05:00,2024-07-02 15:00:00-04:00,1017218.2800000001,65,51,14,0.00850630940054802
56,Bollinger_Bands,"{'period': 15, 'std_dev': 2, 'take_profit_pct': 0.05, 'stop_loss_pct': 0.03}",2024-01-24 10:15:00-05:00,2024-07-02 15:00:00-04:00,1011126.4999999999,44,34,10,0.009483982140353864
57,Bollinger_Bands,"{'period': 15, 'std_dev': 2.5, 'take_profit_pct': 0.05, 'stop_loss_pct': 0.03}",2024-01-24 10:15:00-05:00,2024-07-02 15:00:00-04:00,1010964.5100000004,21,15,6,0.012672363106990664
58,Bollinger_Bands,"{'period': 20, 'std_dev': 1, 'take_profit_pct': 0.05, 'stop_loss_pct': 0.03}",2024-01-24 10:15:00-05:00,2024-07-02 15:00:00-04:00,1014589.8500000004,70,57,13,0.006783900658088117
59,Bollinger_Bands,"{'period': 20, 'std_dev': 1.5, 'take_profit_pct': 0.05, 'stop_loss_pct': 0.03}",2024-01-24 10:15:00-05:00,2024-07-02 15:00:00-04:00,1015074.989999999,53,44,9,0.008072287296054666
60,Bollinger_Bands,"{'period': 20, 'std_dev': 2, 'take_profit_pct': 0.05, 'stop_loss_pct': 0.03}",2024-01-24 10:15:00-05:00,2024-07-02 15:00:00-04:00,1012170.7099999996,36,30,6,0.010544414108508666
61,Bollinger_Bands,"{'period': 20, 'std_dev': 2.5, 'take_profit_pct': 0.05, 'stop_loss_pct': 0.03}",2024-01-24 10:15:00-05:00,2024-07-02 15:00:00-04:00,1006781.7800000005,22,16,6,0.010891879521834305
62,Bollinger_Bands,"{'period': 25, 'std_dev': 1, 'take_profit_pct': 0.05, 'stop_loss_pct': 0.03}",2024-01-24 10:15:00-05:00,2024-07-02 15:00:00-04:00,1011867.9899999996,60,47,13,0.005458417799486474
63,Bollinger_Bands,"{'period': 25, 'std_dev': 1.5, 'take_profit_pct': 0.05, 'stop_loss_pct': 0.03}",2024-01-24 10:15:00-05:00,2024-07-02 15:00:00-04:00,1015784.7800000004,45,39,6,0.008210654574736981
64,Bollinger_Bands,"{'period': 25, 'std_dev': 2, 'take_profit_pct': 0.05, 'stop_loss_pct': 0.03}",2024-01-24 10:15:00-05:00,2024-07-02 15:00:00-04:00,1014664.8799999998,31,25,6,0.013670307291034023
65,Bollinger_Bands,"{'period': 25, 'std_dev': 2.5, 'take_profit_pct': 0.05, 'stop_loss_pct': 0.03}",2024-01-24 10:15:00-05:00,2024-07-02 15:00:00-04:00,1006933.8199999998,22,14,8,0.010668588982672561
66,Sideways_Bollinger_Bands,"{'period': 10, 'std_dev': 0.5, 'rsi_window': 14, 'take_profit_pct': 0.05, 'stop_loss_pct': 0.03}",2024-01-24 10:15:00-05:00,2024-07-02 15:00:00-04:00,1002658.9199999998,27,21,6,0.004676275976258941
67,Sideways_Bollinger_Bands,"{'period': 10, 'std_dev': 0.5, 'rsi_window': 21, 'take_profit_pct': 0.05, 'stop_loss_pct': 0.03}",2024-01-24 10:15:00-05:00,2024-07-02 15:00:00-04:00,1001503.1900000001,16,13,3,0.0031103853237032346
68,Sideways_Bollinger_Bands,"{'period': 10, 'std_dev': 0.5, 'rsi_window': 28, 'take_profit_pct': 0.05, 'stop_loss_pct': 0.03}",2024-01-24 10:15:00-05:00,2024-07-02 15:00:00-04:00,1001325.8800000001,12,9,3,0.005214384315016498
69,Sideways_Bollinger_Bands,"{'period': 10, 'std_dev': 1, 'rsi_window': 14, 'take_profit_pct': 0.05, 'stop_loss_pct': 0.03}",2024-01-24 10:15:00-05:00,2024-07-02 15:00:00-04:00,1002713.7400000003,36,28,8,0.003865531519032697
70,Sideways_Bollinger_Bands,"{'period': 10, 'std_dev': 1, 'rsi_window': 21, 'take_profit_pct': 0.05, 'stop_loss_pct': 0.03}",2024-01-24 10:15:00-05:00,2024-07-02 15:00:00-04:00,1001241.8999999999,17,13,4,0.004939411160911038
71,Sideways_Bollinger_Bands,"{'period': 10, 'std_dev': 1, 'rsi_window': 28, 'take_profit_pct': 0.05, 'stop_loss_pct': 0.03}",2024-01-24 10:15:00-05:00,2024-07-02 15:00:00-04:00,1000913.1799999998,11,9,2,0.006750119448395325
72,Sideways_Bollinger_Bands,"{'period': 15, 'std_dev': 0.5, 'rsi_window': 14, 'take_profit_pct': 0.05, 'stop_loss_pct': 0.03}",2024-01-24 10:15:00-05:00,2024-07-02 15:00:00-04:00,1001493.4800000001,15,11,4,0.0051528461088238085
73,Sideways_Bollinger_Bands,"{'period': 15, 'std_dev': 0.5, 'rsi_window': 21, 'take_profit_pct': 0.05, 'stop_loss_pct': 0.03}",2024-01-24 10:15:00-05:00,2024-07-02 15:00:00-04:00,999554.0399999998,8,5,3,0.0009580776601312607
74,Sideways_Bollinger_Bands,"{'period': 15, 'std_dev': 0.5, 'rsi_window': 28, 'take_profit_pct': 0.05, 'stop_loss_pct': 0.03}",2024-01-24 10:15:00-05:00,2024-07-02 15:00:00-04:00,999813.2199999997,7,4,3,0.0033568270773009752
75,Sideways_Bollinger_Bands,"{'period': 15, 'std_dev': 1, 'rsi_window': 14, 'take_profit_pct': 0.05, 'stop_loss_pct': 0.03}",2024-01-24 10:15:00-05:00,2024-07-02 15:00:00-04:00,1000398.3600000001,26,18,8,0.0027272274749736984
76,Sideways_Bollinger_Bands,"{'period': 15, 'std_dev': 1, 'rsi_window': 21, 'take_profit_pct': 0.05, 'stop_loss_pct': 0.03}",2024-01-24 10:15:00-05:00,2024-07-02 15:00:00-04:00,1000890.1899999998,10,8,2,0.005005778101194898
77,Sideways_Bollinger_Bands,"{'period': 15, 'std_dev': 1, 'rsi_window': 28, 'take_profit_pct': 0.05, 'stop_loss_pct': 0.03}",2024-01-24 10:15:00-05:00,2024-07-02 15:00:00-04:00,1000750.73,10,7,3,0.004861075987371695
78,Sideways_Bollinger_Bands,"{'period': 20, 'std_dev': 0.5, 'rsi_window': 14, 'take_profit_pct': 0.05, 'stop_loss_pct': 0.03}",2024-01-24 10:15:00-05:00,2024-07-02 15:00:00-04:00,1000785.6500000004,18,12,6,0.0021846303629499083
79,Sideways_Bollinger_Bands,"{'period': 20, 'std_dev': 0.5, 'rsi_window': 21, 'take_profit_pct': 0.05, 'stop_loss_pct': 0.03}",2024-01-24 10:15:00-05:00,2024-07-02 15:00:00-04:00,999679.6899999998,6,4,2,0.0027995171975351714
80,Sideways_Bollinger_Bands,"{'period': 20, 'std_dev': 0.5, 'rsi_window': 28, 'take_profit_pct': 0.05, 'stop_loss_pct': 0.03}",2024-01-24 10:15:00-05:00,2024-07-02 15:00:00-04:00,1000097.2499999999,7,5,2,0.005387092959104028
81,Sideways_Bollinger_Bands,"{'period': 20, 'std_dev': 1, 'rsi_window': 14, 'take_profit_pct': 0.05, 'stop_loss_pct': 0.03}",2024-01-24 10:15:00-05:00,2024-07-02 15:00:00-04:00,1002759.1300000002,24,18,6,0.00383225520388788
82,Sideways_Bollinger_Bands,"{'period': 20, 'std_dev': 1, 'rsi_window': 21, 'take_profit_pct': 0.05, 'stop_loss_pct': 0.03}",2024-01-24 10:15:00-05:00,2024-07-02 15:00:00-04:00,1001433.3700000002,7,6,1,0.009393858449335546
83,Sideways_Bollinger_Bands,"{'period': 20, 'std_dev': 1, 'rsi_window': 28, 'take_profit_pct': 0.05, 'stop_loss_pct': 0.03}",2024-01-24 10:15:00-05:00,2024-07-02 15:00:00-04:00,1000866.71,7,4,3,0.006192309404815547
84,Dip_Recovery_Volume,"{'period': 10, 'std_dev': 0.5, 'take_profit_pct': 0.05, 'stop_loss_pct': 0.03}",2024-01-24 10:15:00-05:00,2024-07-02 15:00:00-04:00,1036493.9400000006,55,45,10,0.011329411135510161
85,Dip_Recovery_Volume,"{'period': 10, 'std_dev': 1, 'take_profit_pct': 0.05, 'stop_loss_pct': 0.03}",2024-01-24 10:15:00-05:00,2024-07-02 15:00:00-04:00,1025929.8600000002,51,42,9,0.011308639572874502
86,Dip_Recovery_Volume,"{'period': 15, 'std_dev': 0.5, 'take_profit_pct': 0.05, 'stop_loss_pct': 0.03}",2024-01-24 10:15:00-05:00,2024-07-02 15:00:00-04:00,1031629.1699999998,54,42,12,0.01091876275693044
87,Dip_Recovery_Volume,"{'period': 15, 'std_dev': 1, 'take_profit_pct': 0.05, 'stop_loss_pct': 0.03}",2024-01-24 10:15:00-05:00,2024-07-02 15:00:00-04:00,1023077.2699999997,49,42,7,0.012003704127947714
88,Dip_Recovery_Volume,"{'period': 20, 'std_dev': 0.5, 'take_profit_pct': 0.05, 'stop_loss_pct': 0.03}",2024-01-24 10:15:00-05:00,2024-07-02 15:00:00-04:00,1028607.9400000008,43,35,8,0.01275210073531108
89,Dip_Recovery_Volume,"{'period': 20, 'std_dev': 1, 'take_profit_pct': 0.05, 'stop_loss_pct': 0.03}",2024-01-24 10:15:00-05:00,2024-07-02 15:00:00-04:00,1019023.4599999998,38,31,7,0.0123282367175506
90,SMA_Crossover,"{'fast_period': 5, 'slow_period': 20, 'take_profit_pct': 0.05, 'stop_loss_pct': 0.03}",2023-02-14 12:45:00-05:00,2023-07-26 14:00:00-04:00,1000679.5800000004,76,25,51,0.0004501653889375644
91,SMA_Crossover,"{'fast_period': 5, 'slow_period': 30, 'take_profit_pct': 0.05, 'stop_loss_pct': 0.03}",2023-02-14 12:45:00-05:00,2023-07-26 14:00:00-04:00,1003110.4399999998,56,19,37,0.0027786289093424186
92,SMA_Crossover,"{'fast_period': 5, 'slow_period': 40, 'take_profit_pct': 0.05, 'stop_loss_pct': 0.03}",2023-02-14 12:45:00-05:00,2023-07-26 14:00:00-04:00,1002145.15,48,16,32,0.0022386650262437007
93,SMA_Crossover,"{'fast_period': 10, 'slow_period': 20, 'take_profit_pct': 0.05, 'stop_loss_pct': 0.03}",2023-02-14 12:45:00-05:00,2023-07-26 14:00:00-04:00,1000661.819999999,77,29,48,0.00043393709224683974
94,SMA_Crossover,"{'fast_period': 10, 'slow_period': 30, 'take_profit_pct': 0.05, 'stop_loss_pct': 0.03}",2023-02-14 12:45:00-05:00,2023-07-26 14:00:00-04:00,1003249.43,52,19,33,0.0031262628666872704
95,SMA_Crossover,"{'fast_period': 10, 'slow_period': 40, 'take_profit_pct': 0.05, 'stop_loss_pct': 0.03}",2023-02-14 12:45:00-05:00,2023-07-26 14:00:00-04:00,1000997.5500000004,40,13,27,0.0012545994651629074
96,SMA_Crossover,"{'fast_period': 15, 'slow_period': 20, 'take_profit_pct': 0.05, 'stop_loss_pct': 0.03}",2023-02-14 12:45:00-05:00,2023-07-26 14:00:00-04:00,998524.89,89,33,56,-0.000631242765039569
97,SMA_Crossover,"{'fast_period': 15, 'slow_period': 30, 'take_profit_pct': 0.05, 'stop_loss_pct': 0.03}",2023-02-14 12:45:00-05:00,2023-07-26 14:00:00-04:00,1003149.1099999998,50,19,31,0.0031520093549095257
98,SMA_Crossover,"{'fast_period': 15, 'slow_period': 40, 'take_profit_pct': 0.05, 'stop_loss_pct': 0.03}",2023-02-14 12:45:00-05:00,2023-07-26 14:00:00-04:00,1001340.1399999999,39,12,27,0.001725990458898618
99,Bollinger_Bands,"{'period': 15, 'std_dev': 1, 'take_profit_pct': 0.05, 'stop_loss_pct': 0.03}",2023-02-14 12:45:00-05:00,2023-07-26 14:00:00-04:00,1007757.9200000007,84,65,19,0.003889735670718044
100,Bollinger_Bands,"{'period': 15, 'std_dev': 1.5, 'take_profit_pct': 0.05, 'stop_loss_pct': 0.03}",2023-02-14 12:45:00-05:00,2023-07-26 14:00:00-04:00,1011615.6700000004,64,50,14,0.00624139188823894
101,Bollinger_Bands,"{'period': 15, 'std_dev': 2, 'take_profit_pct': 0.05, 'stop_loss_pct': 0.03}",2023-02-14 12:45:00-05:00,2023-07-26 14:00:00-04:00,1004837.0699999998,41,28,13,0.005837607673207469
102,Bollinger_Bands,"{'period': 15, 'std_dev': 2.5, 'take_profit_pct': 0.05, 'stop_loss_pct': 0.03}",2023-02-14 12:45:00-05:00,2023-07-26 14:00:00-04:00,1001003.3700000001,27,15,12,0.0052980555191931835
103,Bollinger_Bands,"{'period': 20, 'std_dev': 1, 'take_profit_pct': 0.05, 'stop_loss_pct': 0.03}",2023-02-14 12:45:00-05:00,2023-07-26 14:00:00-04:00,1012261.16,70,54,16,0.005237073158020827
104,Bollinger_Bands,"{'period': 20, 'std_dev': 1.5, 'take_profit_pct': 0.05, 'stop_loss_pct': 0.03}",2023-02-14 12:45:00-05:00,2023-07-26 14:00:00-04:00,1011852.8300000002,50,36,14,0.006323183752167924
105,Bollinger_Bands,"{'period': 20, 'std_dev': 2, 'take_profit_pct': 0.05, 'stop_loss_pct': 0.03}",2023-02-14 12:45:00-05:00,2023-07-26 14:00:00-04:00,1000931.7100000003,37,28,9,0.003945413133730551
106,Bollinger_Bands,"{'period': 20, 'std_dev': 2.5, 'take_profit_pct': 0.05, 'stop_loss_pct': 0.03}",2023-02-14 12:45:00-05:00,2023-07-26 14:00:00-04:00,1002436.8600000002,28,16,12,0.0025111038568910627
107,Bollinger_Bands,"{'period': 25, 'std_dev': 1, 'take_profit_pct': 0.05, 'stop_loss_pct': 0.03}",2023-02-14 12:45:00-05:00,2023-07-26 14:00:00-04:00,1008703.2499999998,60,47,13,0.004364435254032502
108,Bollinger_Bands,"{'period': 25, 'std_dev': 1.5, 'take_profit_pct': 0.05, 'stop_loss_pct': 0.03}",2023-02-14 12:45:00-05:00,2023-07-26 14:00:00-04:00,1008930.9500000004,43,30,13,0.004221152339172513
109,Bollinger_Bands,"{'period': 25, 'std_dev': 2, 'take_profit_pct': 0.05, 'stop_loss_pct': 0.03}",2023-02-14 12:45:00-05:00,2023-07-26 14:00:00-04:00,1007610.2799999998,34,26,8,0.007027573057391057
110,Bollinger_Bands,"{'period': 25, 'std_dev': 2.5, 'take_profit_pct': 0.05, 'stop_loss_pct': 0.03}",2023-02-14 12:45:00-05:00,2023-07-26 14:00:00-04:00,995382.4899999999,23,11,12,-0.0035801291945491177
111,Sideways_Bollinger_Bands,"{'period': 10, 'std_dev': 0.5, 'rsi_window': 14, 'take_profit_pct': 0.05, 'stop_loss_pct': 0.03}",2023-02-14 12:45:00-05:00,2023-07-26 14:00:00-04:00,1000463.61,29,18,11,0.0008006517988709596
112,Sideways_Bollinger_Bands,"{'period': 10, 'std_dev': 0.5, 'rsi_window': 21, 'take_profit_pct': 0.05, 'stop_loss_pct': 0.03}",2023-02-14 12:45:00-05:00,2023-07-26 14:00:00-04:00,1000720.59,17,12,5,0.0019731712748539696
113,Sideways_Bollinger_Bands,"{'period': 10, 'std_dev': 0.5, 'rsi_window': 28, 'take_profit_pct': 0.05, 'stop_loss_pct': 0.03}",2023-02-14 12:45:00-05:00,2023-07-26 14:00:00-04:00,999257.2000000001,13,9,4,0.00017728586727146583
114,Sideways_Bollinger_Bands,"{'period': 10, 'std_dev': 1, 'rsi_window': 14, 'take_profit_pct': 0.05, 'stop_loss_pct': 0.03}",2023-02-14 12:45:00-05:00,2023-07-26 14:00:00-04:00,1000508.1200000001,36,23,13,0.001376856807652289
115,Sideways_Bollinger_Bands,"{'period': 10, 'std_dev': 1, 'rsi_window': 21, 'take_profit_pct': 0.05, 'stop_loss_pct': 0.03}",2023-02-14 12:45:00-05:00,2023-07-26 14:00:00-04:00,1000064.27,19,11,8,0.001272937018079189
116,Sideways_Bollinger_Bands,"{'period': 10, 'std_dev': 1, 'rsi_window': 28, 'take_profit_pct': 0.05, 'stop_loss_pct': 0.03}",2023-02-14 12:45:00-05:00,2023-07-26 14:00:00-04:00,999833.8200000002,14,10,4,0.0023373438172013265
117,Sideways_Bollinger_Bands,"{'period': 15, 'std_dev': 0.5, 'rsi_window': 14, 'take_profit_pct': 0.05, 'stop_loss_pct': 0.03}",2023-02-14 12:45:00-05:00,2023-07-26 14:00:00-04:00,999748.8300000002,17,9,8,-0.0007370353984562741
118,Sideways_Bollinger_Bands,"{'period': 15, 'std_dev': 0.5, 'rsi_window': 21, 'take_profit_pct': 0.05, 'stop_loss_pct': 0.03}",2023-02-14 12:45:00-05:00,2023-07-26 14:00:00-04:00,1000995.6999999998,8,6,2,0.00622317209837412
119,Sideways_Bollinger_Bands,"{'period': 15, 'std_dev': 0.5, 'rsi_window': 28, 'take_profit_pct': 0.05, 'stop_loss_pct': 0.03}",2023-02-14 12:45:00-05:00,2023-07-26 14:00:00-04:00,999596.1599999999,7,5,2,-0.002881835357543016
120,Sideways_Bollinger_Bands,"{'period': 15, 'std_dev': 1, 'rsi_window': 14, 'take_profit_pct': 0.05, 'stop_loss_pct': 0.03}",2023-02-14 12:45:00-05:00,2023-07-26 14:00:00-04:00,999972.0699999997,29,17,12,0.0016579004395048701
121,Sideways_Bollinger_Bands,"{'period': 15, 'std_dev': 1, 'rsi_window': 21, 'take_profit_pct': 0.05, 'stop_loss_pct': 0.03}",2023-02-14 12:45:00-05:00,2023-07-26 14:00:00-04:00,1000117.52,15,10,5,0.0023771705579861
122,Sideways_Bollinger_Bands,"{'period': 15, 'std_dev': 1, 'rsi_window': 28, 'take_profit_pct': 0.05, 'stop_loss_pct': 0.03}",2023-02-14 12:45:00-05:00,2023-07-26 14:00:00-04:00,1000500.8600000002,11,7,4,0.0033493889661631577
123,Sideways_Bollinger_Bands,"{'period': 20, 'std_dev': 0.5, 'rsi_window': 14, 'take_profit_pct': 0.05, 'stop_loss_pct': 0.03}",2023-02-14 12:45:00-05:00,2023-07-26 14:00:00-04:00,1000501.2899999997,17,11,6,0.0014768163562928246
124,Sideways_Bollinger_Bands,"{'period': 20, 'std_dev': 0.5, 'rsi_window': 21, 'take_profit_pct': 0.05, 'stop_loss_pct': 0.03}",2023-02-14 12:45:00-05:00,2023-07-26 14:00:00-04:00,1001066.73,8,6,2,0.006982521924091224
125,Sideways_Bollinger_Bands,"{'period': 20, 'std_dev': 0.5, 'rsi_window': 28, 'take_profit_pct': 0.05, 'stop_loss_pct': 0.03}",2023-02-14 12:45:00-05:00,2023-07-26 14:00:00-04:00,999813.97,8,5,3,-0.0011591970939565975
126,Sideways_Bollinger_Bands,"{'period': 20, 'std_dev': 1, 'rsi_window': 14, 'take_profit_pct': 0.05, 'stop_loss_pct': 0.03}",2023-02-14 12:45:00-05:00,2023-07-26 14:00:00-04:00,1001312.9699999997,28,20,8,0.0029279199946263823
127,Sideways_Bollinger_Bands,"{'period': 20, 'std_dev': 1, 'rsi_window': 21, 'take_profit_pct': 0.05, 'stop_loss_pct': 0.03}",2023-02-14 12:45:00-05:00,2023-07-26 14:00:00-04:00,1000828.6399999999,12,10,2,0.005014232969715495
128,Sideways_Bollinger_Bands,"{'period': 20, 'std_dev': 1, 'rsi_window': 28, 'take_profit_pct': 0.05, 'stop_loss_pct': 0.03}",2023-02-14 12:45:00-05:00,2023-07-26 14:00:00-04:00,1000842.1400000002,11,7,4,0.004856253011243603
129,Dip_Recovery_Volume,"{'period': 10, 'std_dev': 0.5, 'take_profit_pct': 0.05, 'stop_loss_pct': 0.03}",2023-02-14 12:45:00-05:00,2023-07-26 14:00:00-04:00,1001313.7200000009,50,36,14,0.006546686397579309
130,Dip_Recovery_Volume,"{'period': 10, 'std_dev': 1, 'take_profit_pct': 0.05, 'stop_loss_pct': 0.03}",2023-02-14 12:45:00-05:00,2023-07-26 14:00:00-04:00,1005117.2000000003,42,29,13,0.0067251512636185866
131,Dip_Recovery_Volume,"{'period': 15, 'std_dev': 0.5, 'take_profit_pct': 0.05, 'stop_loss_pct': 0.03}",2023-02-14 12:45:00-05:00,2023-07-26 14:00:00-04:00,1012301.0700000009,50,33,17,0.00606091530304849
132,Dip_Recovery_Volume,"{'period': 15, 'std_dev': 1, 'take_profit_pct': 0.05, 'stop_loss_pct': 0.03}",2023-02-14 12:45:00-05:00,2023-07-26 14:00:00-04:00,1012818.3400000003,45,32,13,0.007906042318975388
133,Dip_Recovery_Volume,"{'period': 20, 'std_dev': 0.5, 'take_profit_pct': 0.05, 'stop_loss_pct': 0.03}",2023-02-14 12:45:00-05:00,2023-07-26 14:00:00-04:00,1016415.0099999995,39,29,10,0.00786927031147816
134,Dip_Recovery_Volume,"{'period': 20, 'std_dev': 1, 'take_profit_pct': 0.05, 'stop_loss_pct': 0.03}",2023-02-14 12:45:00-05:00,2023-07-26 14:00:00-04:00,1016487.9700000004,38,28,10,0.00917579308500522
135,SMA_Crossover,"{'fast_period': 5, 'slow_period': 20, 'take_profit_pct': 0.05, 'stop_loss_pct': 0.03}",2023-05-09 11:30:00-04:00,2023-10-17 12:45:00-04:00,999158.0100000002,87,24,63,-0.00044902626859656295
136,SMA_Crossover,"{'fast_period': 5, 'slow_period': 30, 'take_profit_pct': 0.05, 'stop_loss_pct': 0.03}",2023-05-09 11:30:00-04:00,2023-10-17 12:45:00-04:00,1001456.5100000008,66,20,46,0.0011074997348145858
137,SMA_Crossover,"{'fast_period': 5, 'slow_period': 40, 'take_profit_pct': 0.05, 'stop_loss_pct': 0.03}",2023-05-09 11:30:00-04:00,2023-10-17 12:45:00-04:00,1000103.5899999999,52,17,35,0.00010372884598666665
138,SMA_Crossover,"{'fast_period': 10, 'slow_period': 20, 'take_profit_pct': 0.05, 'stop_loss_pct': 0.03}",2023-05-09 11:30:00-04:00,2023-10-17 12:45:00-04:00,998033.9900000002,82,26,56,-0.0012010207207410277
139,SMA_Crossover,"{'fast_period': 10, 'slow_period': 30, 'take_profit_pct': 0.05, 'stop_loss_pct': 0.03}",2023-05-09 11:30:00-04:00,2023-10-17 12:45:00-04:00,999825.0299999997,56,17,39,-0.00015064109653669923
140,SMA_Crossover,"{'fast_period': 10, 'slow_period': 40, 'take_profit_pct': 0.05, 'stop_loss_pct': 0.03}",2023-05-09 11:30:00-04:00,2023-10-17 12:45:00-04:00,1000962.3400000001,44,15,29,0.0010983433036016823
141,SMA_Crossover,"{'fast_period': 15, 'slow_period': 20, 'take_profit_pct': 0.05, 'stop_loss_pct': 0.03}",2023-05-09 11:30:00-04:00,2023-10-17 12:45:00-04:00,997700.2299999999,92,36,56,-0.0012483914166020874
142,SMA_Crossover,"{'fast_period': 15, 'slow_period': 30, 'take_profit_pct': 0.05, 'stop_loss_pct': 0.03}",2023-05-09 11:30:00-04:00,2023-10-17 12:45:00-04:00,1001114.0900000008,52,21,31,0.001076237001099955
143,SMA_Crossover,"{'fast_period': 15, 'slow_period': 40, 'take_profit_pct': 0.05, 'stop_loss_pct': 0.03}",2023-05-09 11:30:00-04:00,2023-10-17 12:45:00-04:00,1000443.6300000001,41,14,27,0.0005491197724252688
144,Bollinger_Bands,"{'period': 15, 'std_dev': 1, 'take_profit_pct': 0.05, 'stop_loss_pct': 0.03}",2023-05-09 11:30:00-04:00,2023-10-17 12:45:00-04:00,1004673.6500000012,88,69,19,0.004805163196629494
145,Bollinger_Bands,"{'period': 15, 'std_dev': 1.5, 'take_profit_pct': 0.05, 'stop_loss_pct': 0.03}",2023-05-09 11:30:00-04:00,2023-10-17 12:45:00-04:00,1010607.3599999998,67,53,14,0.007268804974717376
146,Bollinger_Bands,"{'period': 15, 'std_dev': 2, 'take_profit_pct': 0.05, 'stop_loss_pct': 0.03}",2023-05-09 11:30:00-04:00,2023-10-17 12:45:00-04:00,1005041.0199999998,43,32,11,0.006594293025677299
147,Bollinger_Bands,"{'period': 15, 'std_dev': 2.5, 'take_profit_pct': 0.05, 'stop_loss_pct': 0.03}",2023-05-09 11:30:00-04:00,2023-10-17 12:45:00-04:00,1009623.4300000002,22,12,10,0.01115054195758169
148,Bollinger_Bands,"{'period': 20, 'std_dev': 1, 'take_profit_pct': 0.05, 'stop_loss_pct': 0.03}",2023-05-09 11:30:00-04:00,2023-10-17 12:45:00-04:00,1009687.0999999994,79,64,15,0.00633084255752442
149,Bollinger_Bands,"{'period': 20, 'std_dev': 1.5, 'take_profit_pct': 0.05, 'stop_loss_pct': 0.03}",2023-05-09 11:30:00-04:00,2023-10-17 12:45:00-04:00,1010864.5200000004,56,45,11,0.007718851271620168
150,Bollinger_Bands,"{'period': 20, 'std_dev': 2, 'take_profit_pct': 0.05, 'stop_loss_pct': 0.03}",2023-05-09 11:30:00-04:00,2023-10-17 12:45:00-04:00,1014582.0799999997,34,28,6,0.009390340846420778
151,Bollinger_Bands,"{'period': 20, 'std_dev': 2.5, 'take_profit_pct': 0.05, 'stop_loss_pct': 0.03}",2023-05-09 11:30:00-04:00,2023-10-17 12:45:00-04:00,1008465.3400000003,24,15,9,0.008165700117019366
152,Bollinger_Bands,"{'period': 25, 'std_dev': 1, 'take_profit_pct': 0.05, 'stop_loss_pct': 0.03}",2023-05-09 11:30:00-04:00,2023-10-17 12:45:00-04:00,1006293.3199999997,66,54,12,0.005305655760530661
153,Bollinger_Bands,"{'period': 25, 'std_dev': 1.5, 'take_profit_pct': 0.05, 'stop_loss_pct': 0.03}",2023-05-09 11:30:00-04:00,2023-10-17 12:45:00-04:00,1004131.8599999999,47,37,10,0.005277736020836925
154,Bollinger_Bands,"{'period': 25, 'std_dev': 2, 'take_profit_pct': 0.05, 'stop_loss_pct': 0.03}",2023-05-09 11:30:00-04:00,2023-10-17 12:45:00-04:00,1010168.4900000002,29,25,4,0.012038319674229822
155,Bollinger_Bands,"{'period': 25, 'std_dev': 2.5, 'take_profit_pct': 0.05, 'stop_loss_pct': 0.03}",2023-05-09 11:30:00-04:00,2023-10-17 12:45:00-04:00,1003402.8799999998,20,12,8,0.009231193873790936
156,Sideways_Bollinger_Bands,"{'period': 10, 'std_dev': 0.5, 'rsi_window': 14, 'take_profit_pct': 0.05, 'stop_loss_pct': 0.03}",2023-05-09 11:30:00-04:00,2023-10-17 12:45:00-04:00,1001173.8299999997,24,15,9,0.0023291862114537443
157,Sideways_Bollinger_Bands,"{'period': 10, 'std_dev': 0.5, 'rsi_window': 21, 'take_profit_pct': 0.05, 'stop_loss_pct': 0.03}",2023-05-09 11:30:00-04:00,2023-10-17 12:45:00-04:00,999967.38,11,8,3,-0.00014680176773428782
158,Sideways_Bollinger_Bands,"{'period': 10, 'std_dev': 0.5, 'rsi_window': 28, 'take_profit_pct': 0.05, 'stop_loss_pct': 0.03}",2023-05-09 11:30:00-04:00,2023-10-17 12:45:00-04:00,1000875.93,14,11,3,0.00332463831729563
159,Sideways_Bollinger_Bands,"{'period': 10, 'std_dev': 1, 'rsi_window': 14, 'take_profit_pct': 0.05, 'stop_loss_pct': 0.03}",2023-05-09 11:30:00-04:00,2023-10-17 12:45:00-04:00,1001531.7900000002,32,21,11,0.0025612323414596913
160,Sideways_Bollinger_Bands,"{'period': 10, 'std_dev': 1, 'rsi_window': 21, 'take_profit_pct': 0.05, 'stop_loss_pct': 0.03}",2023-05-09 11:30:00-04:00,2023-10-17 12:45:00-04:00,1000104.8399999999,20,13,7,0.001131660254290053
161,Sideways_Bollinger_Bands,"{'period': 10, 'std_dev': 1, 'rsi_window': 28, 'take_profit_pct': 0.05, 'stop_loss_pct': 0.03}",2023-05-09 11:30:00-04:00,2023-10-17 12:45:00-04:00,1001309.7599999999,17,13,4,0.004203135431464289
162,Sideways_Bollinger_Bands,"{'period': 15, 'std_dev': 0.5, 'rsi_window': 14, 'take_profit_pct': 0.05, 'stop_loss_pct': 0.03}",2023-05-09 11:30:00-04:00,2023-10-17 12:45:00-04:00,999342.1199999999,11,4,7,-0.0017507820138292366
163,Sideways_Bollinger_Bands,"{'period': 15, 'std_dev': 0.5, 'rsi_window': 21, 'take_profit_pct': 0.05, 'stop_loss_pct': 0.03}",2023-05-09 11:30:00-04:00,2023-10-17 12:45:00-04:00,999337.97,5,2,3,-0.006625297240314546
164,Sideways_Bollinger_Bands,"{'period': 15, 'std_dev': 0.5, 'rsi_window': 28, 'take_profit_pct': 0.05, 'stop_loss_pct': 0.03}",2023-05-09 11:30:00-04:00,2023-10-17 12:45:00-04:00,1000233.4799999999,7,6,1,0.001668458623491575
165,Sideways_Bollinger_Bands,"{'period': 15, 'std_dev': 1, 'rsi_window': 14, 'take_profit_pct': 0.05, 'stop_loss_pct': 0.03}",2023-05-09 11:30:00-04:00,2023-10-17 12:45:00-04:00,1000643.2199999996,21,12,9,0.0029364744017139105
166,Sideways_Bollinger_Bands,"{'period': 15, 'std_dev': 1, 'rsi_window': 21, 'take_profit_pct': 0.05, 'stop_loss_pct': 0.03}",2023-05-09 11:30:00-04:00,2023-10-17 12:45:00-04:00,999912.9100000001,13,8,5,0.00032693909993076483
167,Sideways_Bollinger_Bands,"{'period': 15, 'std_dev': 1, 'rsi_window': 28, 'take_profit_pct': 0.05, 'stop_loss_pct': 0.03}",2023-05-09 11:30:00-04:00,2023-10-17 12:45:00-04:00,1001335.85,11,10,1,0.005475615930227059
168,Sideways_Bollinger_Bands,"{'period': 20, 'std_dev': 0.5, 'rsi_window': 14, 'take_profit_pct': 0.05, 'stop_loss_pct': 0.03}",2023-05-09 11:30:00-04:00,2023-10-17 12:45:00-04:00,999665.26,10,5,5,-0.0007822391820404891
169,Sideways_Bollinger_Bands,"{'period': 20, 'std_dev': 0.5, 'rsi_window': 21, 'take_profit_pct': 0.05, 'stop_loss_pct': 0.03}",2023-05-09 11:30:00-04:00,2023-10-17 12:45:00-04:00,999228.2699999999,5,2,3,-0.00721989642486649
170,Sideways_Bollinger_Bands,"{'period': 20, 'std_dev': 0.5, 'rsi_window': 28, 'take_profit_pct': 0.05, 'stop_loss_pct': 0.03}",2023-05-09 11:30:00-04:00,2023-10-17 12:45:00-04:00,1000179.8799999999,6,5,1,0.0012607186114808758
171,Sideways_Bollinger_Bands,"{'period': 20, 'std_dev': 1, 'rsi_window': 14, 'take_profit_pct': 0.05, 'stop_loss_pct': 0.03}",2023-05-09 11:30:00-04:00,2023-10-17 12:45:00-04:00,1001512.0599999998,21,16,5,0.004622329828819142
172,Sideways_Bollinger_Bands,"{'period': 20, 'std_dev': 1, 'rsi_window': 21, 'take_profit_pct': 0.05, 'stop_loss_pct': 0.03}",2023-05-09 11:30:00-04:00,2023-10-17 12:45:00-04:00,1000482.0700000002,9,7,2,0.0022968117788885515
173,Sideways_Bollinger_Bands,"{'period': 20, 'std_dev': 1, 'rsi_window': 28, 'take_profit_pct': 0.05, 'stop_loss_pct': 0.03}",2023-05-09 11:30:00-04:00,2023-10-17 12:45:00-04:00,1000685.6500000001,9,7,2,0.003271571244810154
174,Dip_Recovery_Volume,"{'period': 10, 'std_dev': 0.5, 'take_profit_pct': 0.05, 'stop_loss_pct': 0.03}",2023-05-09 11:30:00-04:00,2023-10-17 12:45:00-04:00,1007638.9299999999,45,33,12,0.005192965733021222
175,Dip_Recovery_Volume,"{'period': 10, 'std_dev': 1, 'take_profit_pct': 0.05, 'stop_loss_pct': 0.03}",2023-05-09 11:30:00-04:00,2023-10-17 12:45:00-04:00,1008777.7599999994,37,25,12,0.004473094739150815
176,Dip_Recovery_Volume,"{'period': 15, 'std_dev': 0.5, 'take_profit_pct': 0.05, 'stop_loss_pct': 0.03}",2023-05-09 11:30:00-04:00,2023-10-17 12:45:00-04:00,1014975.720000001,50,37,13,0.0057893637724227036
177,Dip_Recovery_Volume,"{'period': 15, 'std_dev': 1, 'take_profit_pct': 0.05, 'stop_loss_pct': 0.03}",2023-05-09 11:30:00-04:00,2023-10-17 12:45:00-04:00,1010775.8199999998,48,33,15,0.005865882568966907
178,Dip_Recovery_Volume,"{'period': 20, 'std_dev': 0.5, 'take_profit_pct': 0.05, 'stop_loss_pct': 0.03}",2023-05-09 11:30:00-04:00,2023-10-17 12:45:00-04:00,1015052.0499999997,44,34,10,0.0077179099480401215
179,Dip_Recovery_Volume,"{'period': 20, 'std_dev': 1, 'take_profit_pct': 0.05, 'stop_loss_pct': 0.03}",2023-05-09 11:30:00-04:00,2023-10-17 12:45:00-04:00,1011801.1200000006,39,30,9,0.008103722703701109
180,SMA_Crossover,"{'fast_period': 5, 'slow_period': 20, 'take_profit_pct': 0.05, 'stop_loss_pct': 0.03}",2024-01-24 12:15:00-05:00,2024-07-03 10:30:00-04:00,1003343.8300000003,88,33,55,0.001929414424207684
181,SMA_Crossover,"{'fast_period': 5, 'slow_period': 30, 'take_profit_pct': 0.05, 'stop_loss_pct': 0.03}",2024-01-24 12:15:00-05:00,2024-07-03 10:30:00-04:00,1002722.3999999997,67,27,40,0.0022548901744004293
182,SMA_Crossover,"{'fast_period': 5, 'slow_period': 40, 'take_profit_pct': 0.05, 'stop_loss_pct': 0.03}",2024-01-24 12:15:00-05:00,2024-07-03 10:30:00-04:00,1004753.0600000005,55,16,39,0.004317378787676514
183,SMA_Crossover,"{'fast_period': 10, 'slow_period': 20, 'take_profit_pct': 0.05, 'stop_loss_pct': 0.03}",2024-01-24 12:15:00-05:00,2024-07-03 10:30:00-04:00,1001248.3500000001,80,28,52,0.0007829496384188095
184,SMA_Crossover,"{'fast_period': 10, 'slow_period': 30, 'take_profit_pct': 0.05, 'stop_loss_pct': 0.03}",2024-01-24 12:15:00-05:00,2024-07-03 10:30:00-04:00,1004351.1999999995,55,20,35,0.003954093892643583
185,SMA_Crossover,"{'fast_period': 10, 'slow_period': 40, 'take_profit_pct': 0.05, 'stop_loss_pct': 0.03}",2024-01-24 12:15:00-05:00,2024-07-03 10:30:00-04:00,1005311.2199999997,46,17,29,0.005768657880494778
186,SMA_Crossover,"{'fast_period': 15, 'slow_period': 20, 'take_profit_pct': 0.05, 'stop_loss_pct': 0.03}",2024-01-24 12:15:00-05:00,2024-07-03 10:30:00-04:00,1002677.38,88,36,52,0.0015218651641383959
187,SMA_Crossover,"{'fast_period': 15, 'slow_period': 30, 'take_profit_pct': 0.05, 'stop_loss_pct': 0.03}",2024-01-24 12:15:00-05:00,2024-07-03 10:30:00-04:00,1005666.08,54,21,33,0.0052401183162981094
188,SMA_Crossover,"{'fast_period': 15, 'slow_period': 40, 'take_profit_pct': 0.05, 'stop_loss_pct': 0.03}",2024-01-24 12:15:00-05:00,2024-07-03 10:30:00-04:00,1003277.2,43,14,29,0.003811549439956495
189,Bollinger_Bands,"{'period': 15, 'std_dev': 1, 'take_profit_pct': 0.05, 'stop_loss_pct': 0.03}",2024-01-24 12:15:00-05:00,2024-07-03 10:30:00-04:00,1014191.5699999993,83,66,17,0.006128030248562524
190,Bollinger_Bands,"{'period': 15, 'std_dev': 1.5, 'take_profit_pct': 0.05, 'stop_loss_pct': 0.03}",2024-01-24 12:15:00-05:00,2024-07-03 10:30:00-04:00,1016805.8799999999,64,50,14,0.008478462499481853
191,Bollinger_Bands,"{'period': 15, 'std_dev': 2, 'take_profit_pct': 0.05, 'stop_loss_pct': 0.03}",2024-01-24 12:15:00-05:00,2024-07-03 10:30:00-04:00,1011126.4999999999,44,34,10,0.009483982140353864
192,Bollinger_Bands,"{'period': 15, 'std_dev': 2.5, 'take_profit_pct': 0.05, 'stop_loss_pct': 0.03}",2024-01-24 12:15:00-05:00,2024-07-03 10:30:00-04:00,1012371.6300000004,21,15,6,0.013175571683920376
193,Bollinger_Bands,"{'period': 20, 'std_dev': 1, 'take_profit_pct': 0.05, 'stop_loss_pct': 0.03}",2024-01-24 12:15:00-05:00,2024-07-03 10:30:00-04:00,1014715.9500000004,70,58,12,0.00687275916799926
194,Bollinger_Bands,"{'period': 20, 'std_dev': 1.5, 'take_profit_pct': 0.05, 'stop_loss_pct': 0.03}",2024-01-24 12:15:00-05:00,2024-07-03 10:30:00-04:00,1015200.9599999989,53,45,8,0.008189423408217001
195,Bollinger_Bands,"{'period': 20, 'std_dev': 2, 'take_profit_pct': 0.05, 'stop_loss_pct': 0.03}",2024-01-24 12:15:00-05:00,2024-07-03 10:30:00-04:00,1012296.8099999996,36,30,6,0.010717608886019992
196,Bollinger_Bands,"{'period': 20, 'std_dev': 2.5, 'take_profit_pct': 0.05, 'stop_loss_pct': 0.03}",2024-01-24 12:15:00-05:00,2024-07-03 10:30:00-04:00,1007407.4600000005,22,16,6,0.011372579274639028
197,Bollinger_Bands,"{'period': 25, 'std_dev': 1, 'take_profit_pct': 0.05, 'stop_loss_pct': 0.03}",2024-01-24 12:15:00-05:00,2024-07-03 10:30:00-04:00,1012284.1999999993,60,48,12,0.0056998177756139275
198,Bollinger_Bands,"{'period': 25, 'std_dev': 1.5, 'take_profit_pct': 0.05, 'stop_loss_pct': 0.03}",2024-01-24 12:15:00-05:00,2024-07-03 10:30:00-04:00,1015982.4,45,39,6,0.008411608189061195
199,Bollinger_Bands,"{'period': 25, 'std_dev': 2, 'take_profit_pct': 0.05, 'stop_loss_pct': 0.03}",2024-01-24 12:15:00-05:00,2024-07-03 10:30:00-04:00,1014493.5899999999,30,24,6,0.013849064716947178
200,Bollinger_Bands,"{'period': 25, 'std_dev': 2.5, 'take_profit_pct': 0.05, 'stop_loss_pct': 0.03}",2024-01-24 12:15:00-05:00,2024-07-03 10:30:00-04:00,1006933.8199999998,22,14,8,0.010668588982672561
201,Sideways_Bollinger_Bands,"{'period': 10, 'std_dev': 0.5, 'rsi_window': 14, 'take_profit_pct': 0.05, 'stop_loss_pct': 0.03}",2024-01-24 12:15:00-05:00,2024-07-03 10:30:00-04:00,1002658.9199999998,27,21,6,0.004676275976258941
202,Sideways_Bollinger_Bands,"{'period': 10, 'std_dev': 0.5, 'rsi_window': 21, 'take_profit_pct': 0.05, 'stop_loss_pct': 0.03}",2024-01-24 12:15:00-05:00,2024-07-03 10:30:00-04:00,1001503.1900000001,16,13,3,0.0031103853237032346
203,Sideways_Bollinger_Bands,"{'period': 10, 'std_dev': 0.5, 'rsi_window': 28, 'take_profit_pct': 0.05, 'stop_loss_pct': 0.03}",2024-01-24 12:15:00-05:00,2024-07-03 10:30:00-04:00,1001325.8800000001,12,9,3,0.005214384315016498
204,Sideways_Bollinger_Bands,"{'period': 10, 'std_dev': 1, 'rsi_window': 14, 'take_profit_pct': 0.05, 'stop_loss_pct': 0.03}",2024-01-24 12:15:00-05:00,2024-07-03 10:30:00-04:00,1002521.1900000003,35,27,8,0.003701192663920823
205,Sideways_Bollinger_Bands,"{'period': 10, 'std_dev': 1, 'rsi_window': 21, 'take_profit_pct': 0.05, 'stop_loss_pct': 0.03}",2024-01-24 12:15:00-05:00,2024-07-03 10:30:00-04:00,1001241.8999999999,17,13,4,0.004939411160911038
206,Sideways_Bollinger_Bands,"{'period': 10, 'std_dev': 1, 'rsi_window': 28, 'take_profit_pct': 0.05, 'stop_loss_pct': 0.03}",2024-01-24 12:15:00-05:00,2024-07-03 10:30:00-04:00,1000913.1799999998,11,9,2,0.006750119448395325
207,Sideways_Bollinger_Bands,"{'period': 15, 'std_dev': 0.5, 'rsi_window': 14, 'take_profit_pct': 0.05, 'stop_loss_pct': 0.03}",2024-01-24 12:15:00-05:00,2024-07-03 10:30:00-04:00,1001355.8000000002,14,10,4,0.0050315582117047754
208,Sideways_Bollinger_Bands,"{'period': 15, 'std_dev': 0.5, 'rsi_window': 21, 'take_profit_pct': 0.05, 'stop_loss_pct': 0.03}",2024-01-24 12:15:00-05:00,2024-07-03 10:30:00-04:00,999554.0399999998,8,5,3,0.0009580776601312607
209,Sideways_Bollinger_Bands,"{'period': 15, 'std_dev': 0.5, 'rsi_window': 28, 'take_profit_pct': 0.05, 'stop_loss_pct': 0.03}",2024-01-24 12:15:00-05:00,2024-07-03 10:30:00-04:00,999813.2199999997,7,4,3,0.0033568270773009752
210,Sideways_Bollinger_Bands,"{'period': 15, 'std_dev': 1, 'rsi_window': 14, 'take_profit_pct': 0.05, 'stop_loss_pct': 0.03}",2024-01-24 12:15:00-05:00,2024-07-03 10:30:00-04:00,1000261.75,25,17,8,0.00256218025079654
211,Sideways_Bollinger_Bands,"{'period': 15, 'std_dev': 1, 'rsi_window': 21, 'take_profit_pct': 0.05, 'stop_loss_pct': 0.03}",2024-01-24 12:15:00-05:00,2024-07-03 10:30:00-04:00,1000890.1899999998,10,8,2,0.005005778101194898
212,Sideways_Bollinger_Bands,"{'period': 15, 'std_dev': 1, 'rsi_window': 28, 'take_profit_pct': 0.05, 'stop_loss_pct': 0.03}",2024-01-24 12:15:00-05:00,2024-07-03 10:30:00-04:00,1000750.73,10,7,3,0.004861075987371695
213,Sideways_Bollinger_Bands,"{'period': 20, 'std_dev': 0.5, 'rsi_window': 14, 'take_profit_pct': 0.05, 'stop_loss_pct': 0.03}",2024-01-24 12:15:00-05:00,2024-07-03 10:30:00-04:00,1000785.6500000004,18,12,6,0.0021846303629499083
214,Sideways_Bollinger_Bands,"{'period': 20, 'std_dev': 0.5, 'rsi_window': 21, 'take_profit_pct': 0.05, 'stop_loss_pct': 0.03}",2024-01-24 12:15:00-05:00,2024-07-03 10:30:00-04:00,999679.6899999998,6,4,2,0.0027995171975351714
215,Sideways_Bollinger_Bands,"{'period': 20, 'std_dev': 0.5, 'rsi_window': 28, 'take_profit_pct': 0.05, 'stop_loss_pct': 0.03}",2024-01-24 12:15:00-05:00,2024-07-03 10:30:00-04:00,1000097.2499999999,7,5,2,0.005387092959104028
216,Sideways_Bollinger_Bands,"{'period': 20, 'std_dev': 1, 'rsi_window': 14, 'take_profit_pct': 0.05, 'stop_loss_pct': 0.03}",2024-01-24 12:15:00-05:00,2024-07-03 10:30:00-04:00,1002759.1300000002,24,18,6,0.00383225520388788
217,Sideways_Bollinger_Bands,"{'period': 20, 'std_dev': 1, 'rsi_window': 21, 'take_profit_pct': 0.05, 'stop_loss_pct': 0.03}",2024-01-24 12:15:00-05:00,2024-07-03 10:30:00-04:00,1001433.3700000002,7,6,1,0.009393858449335546
218,Sideways_Bollinger_Bands,"{'period': 20, 'std_dev': 1, 'rsi_window': 28, 'take_profit_pct': 0.05, 'stop_loss_pct': 0.03}",2024-01-24 12:15:00-05:00,2024-07-03 10:30:00-04:00,1000866.71,7,4,3,0.006192309404815547
219,Dip_Recovery_Volume,"{'period': 10, 'std_dev': 0.5, 'take_profit_pct': 0.05, 'stop_loss_pct': 0.03}",2024-01-24 12:15:00-05:00,2024-07-03 10:30:00-04:00,1037426.0500000005,55,46,9,0.011558195863263293
220,Dip_Recovery_Volume,"{'period': 10, 'std_dev': 1, 'take_profit_pct': 0.05, 'stop_loss_pct': 0.03}",2024-01-24 12:15:00-05:00,2024-07-03 10:30:00-04:00,1026696.81,51,43,8,0.011608656136615839
221,Dip_Recovery_Volume,"{'period': 15, 'std_dev': 0.5, 'take_profit_pct': 0.05, 'stop_loss_pct': 0.03}",2024-01-24 12:15:00-05:00,2024-07-03 10:30:00-04:00,1032348.69,54,43,11,0.01117470291601473
222,Dip_Recovery_Volume,"{'period': 15, 'std_dev': 1, 'take_profit_pct': 0.05, 'stop_loss_pct': 0.03}",2024-01-24 12:15:00-05:00,2024-07-03 10:30:00-04:00,1023792.5499999996,49,43,6,0.012295091235494203
223,Dip_Recovery_Volume,"{'period': 20, 'std_dev': 0.5, 'take_profit_pct': 0.05, 'stop_loss_pct': 0.03}",2024-01-24 12:15:00-05:00,2024-07-03 10:30:00-04:00,1031288.7300000008,43,36,7,0.012992556311309243
224,Dip_Recovery_Volume,"{'period': 20, 'std_dev': 1, 'take_profit_pct': 0.05, 'stop_loss_pct': 0.03}",2024-01-24 12:15:00-05:00,2024-07-03 10:30:00-04:00,1021378.19,38,32,6,0.012591336712478389
225,SMA_Crossover,"{'fast_period': 5, 'slow_period': 20, 'take_profit_pct': 0.05, 'stop_loss_pct': 0.03}",2023-12-21 09:30:00-05:00,2024-05-31 14:15:00-04:00,1004732.1799999997,78,33,45,0.003032359407845715
226,SMA_Crossover,"{'fast_period': 5, 'slow_period': 30, 'take_profit_pct': 0.05, 'stop_loss_pct': 0.03}",2023-12-21 09:30:00-05:00,2024-05-31 14:15:00-04:00,1004555.0800000001,58,28,30,0.0039259441833282985
227,SMA_Crossover,"{'fast_period': 5, 'slow_period': 40, 'take_profit_pct': 0.05, 'stop_loss_pct': 0.03}",2023-12-21 09:30:00-05:00,2024-05-31 14:15:00-04:00,1006311.9800000002,46,18,28,0.0068492046181472584
228,SMA_Crossover,"{'fast_period': 10, 'slow_period': 20, 'take_profit_pct': 0.05, 'stop_loss_pct': 0.03}",2023-12-21 09:30:00-05:00,2024-05-31 14:15:00-04:00,1001039.2400000008,74,30,44,0.0007062078153912726
229,SMA_Crossover,"{'fast_period': 10, 'slow_period': 30, 'take_profit_pct': 0.05, 'stop_loss_pct': 0.03}",2023-12-21 09:30:00-05:00,2024-05-31 14:15:00-04:00,1006314.07,49,20,29,0.006433184594142505
230,SMA_Crossover,"{'fast_period': 10, 'slow_period': 40, 'take_profit_pct': 0.05, 'stop_loss_pct': 0.03}",2023-12-21 09:30:00-05:00,2024-05-31 14:15:00-04:00,1006490.0499999999,39,17,22,0.008306427358461214
231,SMA_Crossover,"{'fast_period': 15, 'slow_period': 20, 'take_profit_pct': 0.05, 'stop_loss_pct': 0.03}",2023-12-21 09:30:00-05:00,2024-05-31 14:15:00-04:00,1003285.2,79,36,43,0.0020801493358837794
232,SMA_Crossover,"{'fast_period': 15, 'slow_period': 30, 'take_profit_pct': 0.05, 'stop_loss_pct': 0.03}",2023-12-21 09:30:00-05:00,2024-05-31 14:15:00-04:00,1007765.5700000002,48,22,26,0.008068698470823924
233,SMA_Crossover,"{'fast_period': 15, 'slow_period': 40, 'take_profit_pct': 0.05, 'stop_loss_pct': 0.03}",2023-12-21 09:30:00-05:00,2024-05-31 14:15:00-04:00,1004171.4799999999,37,14,23,0.005636782100822499
234,Bollinger_Bands,"{'period': 15, 'std_dev': 1, 'take_profit_pct': 0.05, 'stop_loss_pct': 0.03}",2023-12-21 09:30:00-05:00,2024-05-31 14:15:00-04:00,1013255.7799999996,81,65,16,0.0057763888845461415
235,Bollinger_Bands,"{'period': 15, 'std_dev': 1.5, 'take_profit_pct': 0.05, 'stop_loss_pct': 0.03}",2023-12-21 09:30:00-05:00,2024-05-31 14:15:00-04:00,1016162.1300000002,62,50,12,0.008947178736535485
236,Bollinger_Bands,"{'period': 15, 'std_dev': 2, 'take_profit_pct': 0.05, 'stop_loss_pct': 0.03}",2023-12-21 09:30:00-05:00,2024-05-31 14:15:00-04:00,1010229.5500000004,42,33,9,0.010040662424145601
237,Bollinger_Bands,"{'period': 15, 'std_dev': 2.5, 'take_profit_pct': 0.05, 'stop_loss_pct': 0.03}",2023-12-21 09:30:00-05:00,2024-05-31 14:15:00-04:00,1008448.1999999998,21,14,7,0.011894153683555463
238,Bollinger_Bands,"{'period': 20, 'std_dev': 1, 'take_profit_pct': 0.05, 'stop_loss_pct': 0.03}",2023-12-21 09:30:00-05:00,2024-05-31 14:15:00-04:00,1013447.3099999999,68,56,12,0.0070020851698721805
239,Bollinger_Bands,"{'period': 20, 'std_dev': 1.5, 'take_profit_pct': 0.05, 'stop_loss_pct': 0.03}",2023-12-21 09:30:00-05:00,2024-05-31 14:15:00-04:00,1015397.1100000005,51,42,9,0.00897327329503336
240,Bollinger_Bands,"{'period': 20, 'std_dev': 2, 'take_profit_pct': 0.05, 'stop_loss_pct': 0.03}",2023-12-21 09:30:00-05:00,2024-05-31 14:15:00-04:00,1011637.7999999999,36,29,7,0.010978887309302417
241,Bollinger_Bands,"{'period': 20, 'std_dev': 2.5, 'take_profit_pct': 0.05, 'stop_loss_pct': 0.03}",2023-12-21 09:30:00-05:00,2024-05-31 14:15:00-04:00,1005319.0800000004,21,14,7,0.010525116783059889
242,Bollinger_Bands,"{'period': 25, 'std_dev': 1, 'take_profit_pct': 0.05, 'stop_loss_pct': 0.03}",2023-12-21 09:30:00-05:00,2024-05-31 14:15:00-04:00,1011350.4099999996,55,43,12,0.005886929234778927
243,Bollinger_Bands,"{'period': 25, 'std_dev': 1.5, 'take_profit_pct': 0.05, 'stop_loss_pct': 0.03}",2023-12-21 09:30:00-05:00,2024-05-31 14:15:00-04:00,1015592.1100000001,40,32,8,0.008874488016366283
244,Bollinger_Bands,"{'period': 25, 'std_dev': 2, 'take_profit_pct': 0.05, 'stop_loss_pct': 0.03}",2023-12-21 09:30:00-05:00,2024-05-31 14:15:00-04:00,1013851.9699999999,30,23,7,0.01393868461061552
245,Bollinger_Bands,"{'period': 25, 'std_dev': 2.5, 'take_profit_pct': 0.05, 'stop_loss_pct': 0.03}",2023-12-21 09:30:00-05:00,2024-05-31 14:15:00-04:00,1005870.4299999999,20,12,8,0.010612659155839031
246,Sideways_Bollinger_Bands,"{'period': 10, 'std_dev': 0.5, 'rsi_window': 14, 'take_profit_pct': 0.05, 'stop_loss_pct': 0.03}",2023-12-21 09:30:00-05:00,2024-05-31 14:15:00-04:00,1003051.8900000001,24,20,4,0.005285586115465144
247,Sideways_Bollinger_Bands,"{'period': 10, 'std_dev': 0.5, 'rsi_window': 21, 'take_profit_pct': 0.05, 'stop_loss_pct': 0.03}",2023-12-21 09:30:00-05:00,2024-05-31 14:15:00-04:00,1001540.2800000001,19,14,5,0.0028944058461502884
248,Sideways_Bollinger_Bands,"{'period': 10, 'std_dev': 0.5, 'rsi_window': 28, 'take_profit_pct': 0.05, 'stop_loss_pct': 0.03}",2023-12-21 09:30:00-05:00,2024-05-31 14:15:00-04:00,1000606.5100000001,12,7,5,0.002499577401190703
249,Sideways_Bollinger_Bands,"{'period': 10, 'std_dev': 1, 'rsi_window': 14, 'take_profit_pct': 0.05, 'stop_loss_pct': 0.03}",2023-12-21 09:30:00-05:00,2024-05-31 14:15:00-04:00,1003057.6199999999,35,28,7,0.0038335207002765086
250,Sideways_Bollinger_Bands,"{'period': 10, 'std_dev': 1, 'rsi_window': 21, 'take_profit_pct': 0.05, 'stop_loss_pct': 0.03}",2023-12-21 09:30:00-05:00,2024-05-31 14:15:00-04:00,1001227.2500000003,19,15,4,0.004227174923618084
251,Sideways_Bollinger_Bands,"{'period': 10, 'std_dev': 1, 'rsi_window': 28, 'take_profit_pct': 0.05, 'stop_loss_pct': 0.03}",2023-12-21 09:30:00-05:00,2024-05-31 14:15:00-04:00,1000450.6499999999,11,9,2,0.003985570879407218
252,Sideways_Bollinger_Bands,"{'period': 15, 'std_dev': 0.5, 'rsi_window': 14, 'take_profit_pct': 0.05, 'stop_loss_pct': 0.03}",2023-12-21 09:30:00-05:00,2024-05-31 14:15:00-04:00,1001571.1300000001,12,9,3,0.006548322350280644
253,Sideways_Bollinger_Bands,"{'period': 15, 'std_dev': 0.5, 'rsi_window': 21, 'take_profit_pct': 0.05, 'stop_loss_pct': 0.03}",2023-12-21 09:30:00-05:00,2024-05-31 14:15:00-04:00,999526.3099999999,11,6,5,0.0005743440402969357
254,Sideways_Bollinger_Bands,"{'period': 15, 'std_dev': 0.5, 'rsi_window': 28, 'take_profit_pct': 0.05, 'stop_loss_pct': 0.03}",2023-12-21 09:30:00-05:00,2024-05-31 14:15:00-04:00,999124.9599999998,8,3,5,-0.0013673823460709782
255,Sideways_Bollinger_Bands,"{'period': 15, 'std_dev': 1, 'rsi_window': 14, 'take_profit_pct': 0.05, 'stop_loss_pct': 0.03}",2023-12-21 09:30:00-05:00,2024-05-31 14:15:00-04:00,1001364.88,27,21,6,0.003559457494465614
256,Sideways_Bollinger_Bands,"{'period': 15, 'std_dev': 1, 'rsi_window': 21, 'take_profit_pct': 0.05, 'stop_loss_pct': 0.03}",2023-12-21 09:30:00-05:00,2024-05-31 14:15:00-04:00,1000986.8099999997,13,10,3,0.003041753295882815
257,Sideways_Bollinger_Bands,"{'period': 15, 'std_dev': 1, 'rsi_window': 28, 'take_profit_pct': 0.05, 'stop_loss_pct': 0.03}",2023-12-21 09:30:00-05:00,2024-05-31 14:15:00-04:00,1000342.9699999994,9,6,3,0.001428541373197262
258,Sideways_Bollinger_Bands,"{'period': 20, 'std_dev': 0.5, 'rsi_window': 14, 'take_profit_pct': 0.05, 'stop_loss_pct': 0.03}",2023-12-21 09:30:00-05:00,2024-05-31 14:15:00-04:00,1000105.0299999997,14,10,4,0.002056843260829102
259,Sideways_Bollinger_Bands,"{'period': 20, 'std_dev': 0.5, 'rsi_window': 21, 'take_profit_pct': 0.05, 'stop_loss_pct': 0.03}",2023-12-21 09:30:00-05:00,2024-05-31 14:15:00-04:00,998302.6399999998,7,3,4,-0.004094133842695327
260,Sideways_Bollinger_Bands,"{'period': 20, 'std_dev': 0.5, 'rsi_window': 28, 'take_profit_pct': 0.05, 'stop_loss_pct': 0.03}",2023-12-21 09:30:00-05:00,2024-05-31 14:15:00-04:00,998374.5599999999,6,3,3,-0.00417963527310865
261,Sideways_Bollinger_Bands,"{'period': 20, 'std_dev': 1, 'rsi_window': 14, 'take_profit_pct': 0.05, 'stop_loss_pct': 0.03}",2023-12-21 09:30:00-05:00,2024-05-31 14:15:00-04:00,1001386.9500000002,22,17,5,0.004039472441770972
262,Sideways_Bollinger_Bands,"{'period': 20, 'std_dev': 1, 'rsi_window': 21, 'take_profit_pct': 0.05, 'stop_loss_pct': 0.03}",2023-12-21 09:30:00-05:00,2024-05-31 14:15:00-04:00,998683.5999999997,9,6,3,0.0020205145248145063
263,Sideways_Bollinger_Bands,"{'period': 20, 'std_dev': 1, 'rsi_window': 28, 'take_profit_pct': 0.05, 'stop_loss_pct': 0.03}",2023-12-21 09:30:00-05:00,2024-05-31 14:15:00-04:00,997773.7099999997,7,3,4,-0.0030788688936558206
264,Dip_Recovery_Volume,"{'period': 10, 'std_dev': 0.5, 'take_profit_pct': 0.05, 'stop_loss_pct': 0.03}",2023-12-21 09:30:00-05:00,2024-05-31 14:15:00-04:00,1036719.6499999991,53,42,11,0.011288768248613747
265,Dip_Recovery_Volume,"{'period': 10, 'std_dev': 1, 'take_profit_pct': 0.05, 'stop_loss_pct': 0.03}",2023-12-21 09:30:00-05:00,2024-05-31 14:15:00-04:00,1024773.7899999997,48,38,10,0.011350076831466794
266,Dip_Recovery_Volume,"{'period': 15, 'std_dev': 0.5, 'take_profit_pct': 0.05, 'stop_loss_pct': 0.03}",2023-12-21 09:30:00-05:00,2024-05-31 14:15:00-04:00,1033014.9699999992,53,40,13,0.010864379021305695
267,Dip_Recovery_Volume,"{'period': 15, 'std_dev': 1, 'take_profit_pct': 0.05, 'stop_loss_pct': 0.03}",2023-12-21 09:30:00-05:00,2024-05-31 14:15:00-04:00,1022761.3200000008,45,36,9,0.012350555347043915
268,Dip_Recovery_Volume,"{'period': 20, 'std_dev': 0.5, 'take_profit_pct': 0.05, 'stop_loss_pct': 0.03}",2023-12-21 09:30:00-05:00,2024-05-31 14:15:00-04:00,1030135.2900000004,44,36,8,0.012878052386657709
269,Dip_Recovery_Volume,"{'period': 20, 'std_dev': 1, 'take_profit_pct': 0.05, 'stop_loss_pct': 0.03}",2023-12-21 09:30:00-05:00,2024-05-31 14:15:00-04:00,1019625.97,38,30,8,0.012520331130521728
270,SMA_Crossover,"{'fast_period': 5, 'slow_period': 20, 'take_profit_pct': 0.05, 'stop_loss_pct': 0.03}",2023-01-17 15:15:00-05:00,2023-06-27 13:30:00-04:00,1001149.6200000001,77,27,50,0.0007506210374611334
271,SMA_Crossover,"{'fast_period': 5, 'slow_period': 30, 'take_profit_pct': 0.05, 'stop_loss_pct': 0.03}",2023-01-17 15:15:00-05:00,2023-06-27 13:30:00-04:00,1001413.18,59,20,39,0.001201945493229986
272,SMA_Crossover,"{'fast_period': 5, 'slow_period': 40, 'take_profit_pct': 0.05, 'stop_loss_pct': 0.03}",2023-01-17 15:15:00-05:00,2023-06-27 13:30:00-04:00,1001405.3500000002,49,17,32,0.0014395948626449973
273,SMA_Crossover,"{'fast_period': 10, 'slow_period': 20, 'take_profit_pct': 0.05, 'stop_loss_pct': 0.03}",2023-01-17 15:15:00-05:00,2023-06-27 13:30:00-04:00,1000653.1099999994,75,29,46,0.00043983010319907856
274,SMA_Crossover,"{'fast_period': 10, 'slow_period': 30, 'take_profit_pct': 0.05, 'stop_loss_pct': 0.03}",2023-01-17 15:15:00-05:00,2023-06-27 13:30:00-04:00,1000968.6400000005,56,20,36,0.0008711958672354221
275,SMA_Crossover,"{'fast_period': 10, 'slow_period': 40, 'take_profit_pct': 0.05, 'stop_loss_pct': 0.03}",2023-01-17 15:15:00-05:00,2023-06-27 13:30:00-04:00,999573.3500000004,43,14,29,-0.0004912813496951357
276,SMA_Crossover,"{'fast_period': 15, 'slow_period': 20, 'take_profit_pct': 0.05, 'stop_loss_pct': 0.03}",2023-01-17 15:15:00-05:00,2023-06-27 13:30:00-04:00,998302.3200000006,88,30,58,-0.0007655741361628803
277,SMA_Crossover,"{'fast_period': 15, 'slow_period': 30, 'take_profit_pct': 0.05, 'stop_loss_pct': 0.03}",2023-01-17 15:15:00-05:00,2023-06-27 13:30:00-04:00,1000735.1600000001,54,20,34,0.0006879171550253962
278,SMA_Crossover,"{'fast_period': 15, 'slow_period': 40, 'take_profit_pct': 0.05, 'stop_loss_pct': 0.03}",2023-01-17 15:15:00-05:00,2023-06-27 13:30:00-04:00,1000722.4999999999,41,14,27,0.0008882069560693397
279,Bollinger_Bands,"{'period': 15, 'std_dev': 1, 'take_profit_pct': 0.05, 'stop_loss_pct': 0.03}",2023-01-17 15:15:00-05:00,2023-06-27 13:30:00-04:00,997115.9899999998,83,60,23,0.001546696400811987
280,Bollinger_Bands,"{'period': 15, 'std_dev': 1.5, 'take_profit_pct': 0.05, 'stop_loss_pct': 0.03}",2023-01-17 15:15:00-05:00,2023-06-27 13:30:00-04:00,1002679.4899999998,59,43,16,0.004932677303029465
281,Bollinger_Bands,"{'period': 15, 'std_dev': 2, 'take_profit_pct': 0.05, 'stop_loss_pct': 0.03}",2023-01-17 15:15:00-05:00,2023-06-27 13:30:00-04:00,1004066.3599999996,42,28,14,0.005529656683103181
282,Bollinger_Bands,"{'period': 15, 'std_dev': 2.5, 'take_profit_pct': 0.05, 'stop_loss_pct': 0.03}",2023-01-17 15:15:00-05:00,2023-06-27 13:30:00-04:00,1000800.61,27,14,13,0.004112092919741567
283,Bollinger_Bands,"{'period': 20, 'std_dev': 1, 'take_profit_pct': 0.05, 'stop_loss_pct': 0.03}",2023-01-17 15:15:00-05:00,2023-06-27 13:30:00-04:00,1005855.9999999999,66,47,19,0.0034982666720517175
284,Bollinger_Bands,"{'period': 20, 'std_dev': 1.5, 'take_profit_pct': 0.05, 'stop_loss_pct': 0.03}",2023-01-17 15:15:00-05:00,2023-06-27 13:30:00-04:00,1007487.3199999994,49,33,16,0.005369364446955133
285,Bollinger_Bands,"{'period': 20, 'std_dev': 2, 'take_profit_pct': 0.05, 'stop_loss_pct': 0.03}",2023-01-17 15:15:00-05:00,2023-06-27 13:30:00-04:00,1000914.1300000008,38,28,10,0.0040198859823769055
286,Bollinger_Bands,"{'period': 20, 'std_dev': 2.5, 'take_profit_pct': 0.05, 'stop_loss_pct': 0.03}",2023-01-17 15:15:00-05:00,2023-06-27 13:30:00-04:00,1003024.7799999999,29,16,13,0.003439989648010497
287,Bollinger_Bands,"{'period': 25, 'std_dev': 1, 'take_profit_pct': 0.05, 'stop_loss_pct': 0.03}",2023-01-17 15:15:00-05:00,2023-06-27 13:30:00-04:00,1005720.9299999998,61,46,15,0.0030131026109341324
288,Bollinger_Bands,"{'period': 25, 'std_dev': 1.5, 'take_profit_pct': 0.05, 'stop_loss_pct': 0.03}",2023-01-17 15:15:00-05:00,2023-06-27 13:30:00-04:00,1006485.9699999997,43,28,15,0.0035623030753542157
289,Bollinger_Bands,"{'period': 25, 'std_dev': 2, 'take_profit_pct': 0.05, 'stop_loss_pct': 0.03}",2023-01-17 15:15:00-05:00,2023-06-27 13:30:00-04:00,1006731.1,34,24,10,0.006770482426572941
290,Bollinger_Bands,"{'period': 25, 'std_dev': 2.5, 'take_profit_pct': 0.05, 'stop_loss_pct': 0.03}",2023-01-17 15:15:00-05:00,2023-06-27 13:30:00-04:00,995651.78,21,10,11,-0.004022062814337506
291,Sideways_Bollinger_Bands,"{'period': 10, 'std_dev': 0.5, 'rsi_window': 14, 'take_profit_pct': 0.05, 'stop_loss_pct': 0.03}",2023-01-17 15:15:00-05:00,2023-06-27 13:30:00-04:00,1000124.3,30,19,11,0.00020769576331925823
292,Sideways_Bollinger_Bands,"{'period': 10, 'std_dev': 0.5, 'rsi_window': 21, 'take_profit_pct': 0.05, 'stop_loss_pct': 0.03}",2023-01-17 15:15:00-05:00,2023-06-27 13:30:00-04:00,1000554.2499999998,19,13,6,0.0013278484892005893
293,Sideways_Bollinger_Bands,"{'period': 10, 'std_dev': 0.5, 'rsi_window': 28, 'take_profit_pct': 0.05, 'stop_loss_pct': 0.03}",2023-01-17 15:15:00-05:00,2023-06-27 13:30:00-04:00,999634.96,14,10,4,0.0015163220386268902
294,Sideways_Bollinger_Bands,"{'period': 10, 'std_dev': 1, 'rsi_window': 14, 'take_profit_pct': 0.05, 'stop_loss_pct': 0.03}",2023-01-17 15:15:00-05:00,2023-06-27 13:30:00-04:00,1000061.8000000002,37,23,14,0.0006473589459870942
295,Sideways_Bollinger_Bands,"{'period': 10, 'std_dev': 1, 'rsi_window': 21, 'take_profit_pct': 0.05, 'stop_loss_pct': 0.03}",2023-01-17 15:15:00-05:00,2023-06-27 13:30:00-04:00,1000038.5199999998,20,12,8,0.0008021963125906301
296,Sideways_Bollinger_Bands,"{'period': 10, 'std_dev': 1, 'rsi_window': 28, 'take_profit_pct': 0.05, 'stop_loss_pct': 0.03}",2023-01-17 15:15:00-05:00,2023-06-27 13:30:00-04:00,1000523.4200000002,16,12,4,0.0035311137509935137
297,Sideways_Bollinger_Bands,"{'period': 15, 'std_dev': 0.5, 'rsi_window': 14, 'take_profit_pct': 0.05, 'stop_loss_pct': 0.03}",2023-01-17 15:15:00-05:00,2023-06-27 13:30:00-04:00,1000120.4900000001,18,11,7,0.000336619875942352
298,Sideways_Bollinger_Bands,"{'period': 15, 'std_dev': 0.5, 'rsi_window': 21, 'take_profit_pct': 0.05, 'stop_loss_pct': 0.03}",2023-01-17 15:15:00-05:00,2023-06-27 13:30:00-04:00,1001216.6199999999,9,7,2,0.006758702396918805
299,Sideways_Bollinger_Bands,"{'period': 15, 'std_dev': 0.5, 'rsi_window': 28, 'take_profit_pct': 0.05, 'stop_loss_pct': 0.03}",2023-01-17 15:15:00-05:00,2023-06-27 13:30:00-04:00,1000039.99,8,6,2,0.0002544582200770633
300,Sideways_Bollinger_Bands,"{'period': 15, 'std_dev': 1, 'rsi_window': 14, 'take_profit_pct': 0.05, 'stop_loss_pct': 0.03}",2023-01-17 15:15:00-05:00,2023-06-27 13:30:00-04:00,999252.52,27,15,12,0.0002502166976711605
301,Sideways_Bollinger_Bands,"{'period': 15, 'std_dev': 1, 'rsi_window': 21, 'take_profit_pct': 0.05, 'stop_loss_pct': 0.03}",2023-01-17 15:15:00-05:00,2023-06-27 13:30:00-04:00,999835.0500000002,16,11,5,0.001181102841007934
302,Sideways_Bollinger_Bands,"{'period': 15, 'std_dev': 1, 'rsi_window': 28, 'take_profit_pct': 0.05, 'stop_loss_pct': 0.03}",2023-01-17 15:15:00-05:00,2023-06-27 13:30:00-04:00,1000678.1300000002,11,8,3,0.004009454611387154
303,Sideways_Bollinger_Bands,"{'period': 20, 'std_dev': 0.5, 'rsi_window': 14, 'take_profit_pct': 0.05, 'stop_loss_pct': 0.03}",2023-01-17 15:15:00-05:00,2023-06-27 13:30:00-04:00,1000532.11,15,10,5,0.0017763844954094541
304,Sideways_Bollinger_Bands,"{'period': 20, 'std_dev': 0.5, 'rsi_window': 21, 'take_profit_pct': 0.05, 'stop_loss_pct': 0.03}",2023-01-17 15:15:00-05:00,2023-06-27 13:30:00-04:00,1001066.73,8,6,2,0.006982521924091224
305,Sideways_Bollinger_Bands,"{'period': 20, 'std_dev': 0.5, 'rsi_window': 28, 'take_profit_pct': 0.05, 'stop_loss_pct': 0.03}",2023-01-17 15:15:00-05:00,2023-06-27 13:30:00-04:00,999830.3300000001,9,6,3,-0.0009415549109848197
306,Sideways_Bollinger_Bands,"{'period': 20, 'std_dev': 1, 'rsi_window': 14, 'take_profit_pct': 0.05, 'stop_loss_pct': 0.03}",2023-01-17 15:15:00-05:00,2023-06-27 13:30:00-04:00,999910.1500000003,31,21,10,0.0013585943080371824
307,Sideways_Bollinger_Bands,"{'period': 20, 'std_dev': 1, 'rsi_window': 21, 'take_profit_pct': 0.05, 'stop_loss_pct': 0.03}",2023-01-17 15:15:00-05:00,2023-06-27 13:30:00-04:00,1000185.1900000001,14,11,3,0.002000619068740288
308,Sideways_Bollinger_Bands,"{'period': 20, 'std_dev': 1, 'rsi_window': 28, 'take_profit_pct': 0.05, 'stop_loss_pct': 0.03}",2023-01-17 15:15:00-05:00,2023-06-27 13:30:00-04:00,1000925.4700000002,11,8,3,0.005235045070221064
309,Dip_Recovery_Volume,"{'period': 10, 'std_dev': 0.5, 'take_profit_pct': 0.05, 'stop_loss_pct': 0.03}",2023-01-17 15:15:00-05:00,2023-06-27 13:30:00-04:00,998828.6899999995,53,36,17,0.005680847456172021
310,Dip_Recovery_Volume,"{'period': 10, 'std_dev': 1, 'take_profit_pct': 0.05, 'stop_loss_pct': 0.03}",2023-01-17 15:15:00-05:00,2023-06-27 13:30:00-04:00,1001761.4899999993,44,28,16,0.0063551695742056526
311,Dip_Recovery_Volume,"{'period': 15, 'std_dev': 0.5, 'take_profit_pct': 0.05, 'stop_loss_pct': 0.03}",2023-01-17 15:15:00-05:00,2023-06-27 13:30:00-04:00,1015194.5399999998,51,32,19,0.004975436736056481
312,Dip_Recovery_Volume,"{'period': 15, 'std_dev': 1, 'take_profit_pct': 0.05, 'stop_loss_pct': 0.03}",2023-01-17 15:15:00-05:00,2023-06-27 13:30:00-04:00,1012522.41,45,31,14,0.0071901867151521436
313,Dip_Recovery_Volume,"{'period': 20, 'std_dev': 0.5, 'take_profit_pct': 0.05, 'stop_loss_pct': 0.03}",2023-01-17 15:15:00-05:00,2023-06-27 13:30:00-04:00,1016072.1699999991,43,30,13,0.00569415823202155
314,Dip_Recovery_Volume,"{'period': 20, 'std_dev': 1, 'take_profit_pct': 0.05, 'stop_loss_pct': 0.03}",2023-01-17 15:15:00-05:00,2023-06-27 13:30:00-04:00,1014618.2799999999,41,28,13,0.006474800009836858
315,SMA_Crossover,"{'fast_period': 5, 'slow_period': 20, 'take_profit_pct': 0.05, 'stop_loss_pct': 0.03}",2023-06-23 14:15:00-04:00,2023-12-01 12:00:00-05:00,996641.2600000001,87,18,69,-0.0018982381134424154
316,SMA_Crossover,"{'fast_period': 5, 'slow_period': 30, 'take_profit_pct': 0.05, 'stop_loss_pct': 0.03}",2023-06-23 14:15:00-04:00,2023-12-01 12:00:00-05:00,999025.9400000005,72,18,54,-0.0006734683914418645
317,SMA_Crossover,"{'fast_period': 5, 'slow_period': 40, 'take_profit_pct': 0.05, 'stop_loss_pct': 0.03}",2023-06-23 14:15:00-04:00,2023-12-01 12:00:00-05:00,998670.2900000002,55,16,39,-0.001205599143742299
318,SMA_Crossover,"{'fast_period': 10, 'slow_period': 20, 'take_profit_pct': 0.05, 'stop_loss_pct': 0.03}",2023-06-23 14:15:00-04:00,2023-12-01 12:00:00-05:00,1000147.9400000002,81,28,53,9.20034383763531e-05
319,SMA_Crossover,"{'fast_period': 10, 'slow_period': 30, 'take_profit_pct': 0.05, 'stop_loss_pct': 0.03}",2023-06-23 14:15:00-04:00,2023-12-01 12:00:00-05:00,1000304.1699999997,57,18,39,0.00027165551362237167
320,SMA_Crossover,"{'fast_period': 10, 'slow_period': 40, 'take_profit_pct': 0.05, 'stop_loss_pct': 0.03}",2023-06-23 14:15:00-04:00,2023-12-01 12:00:00-05:00,1000424.3400000003,45,16,29,0.0004777358280701595
321,SMA_Crossover,"{'fast_period': 15, 'slow_period': 20, 'take_profit_pct': 0.05, 'stop_loss_pct': 0.03}",2023-06-23 14:15:00-04:00,2023-12-01 12:00:00-05:00,1000612.3100000008,89,42,47,0.00034752898636077875
322,SMA_Crossover,"{'fast_period': 15, 'slow_period': 30, 'take_profit_pct': 0.05, 'stop_loss_pct': 0.03}",2023-06-23 14:15:00-04:00,2023-12-01 12:00:00-05:00,1001143.3799999997,50,20,30,0.001265126189561805
323,SMA_Crossover,"{'fast_period': 15, 'slow_period': 40, 'take_profit_pct': 0.05, 'stop_loss_pct': 0.03}",2023-06-23 14:15:00-04:00,2023-12-01 12:00:00-05:00,999860.2999999997,40,14,26,-0.0001674565926366875
324,Bollinger_Bands,"{'period': 15, 'std_dev': 1, 'take_profit_pct': 0.05, 'stop_loss_pct': 0.03}",2023-06-23 14:15:00-04:00,2023-12-01 12:00:00-05:00,1003011.0000000003,93,73,20,0.00436703216397094
325,Bollinger_Bands,"{'period': 15, 'std_dev': 1.5, 'take_profit_pct': 0.05, 'stop_loss_pct': 0.03}",2023-06-23 14:15:00-04:00,2023-12-01 12:00:00-05:00,1011193.0899999993,67,53,14,0.007362876451530714
326,Bollinger_Bands,"{'period': 15, 'std_dev': 2, 'take_profit_pct': 0.05, 'stop_loss_pct': 0.03}",2023-06-23 14:15:00-04:00,2023-12-01 12:00:00-05:00,1004710.0799999997,42,30,12,0.005134083780515237
327,Bollinger_Bands,"{'period': 15, 'std_dev': 2.5, 'take_profit_pct': 0.05, 'stop_loss_pct': 0.03}",2023-06-23 14:15:00-04:00,2023-12-01 12:00:00-05:00,1008736.7100000004,24,13,11,0.00782272743017446
328,Bollinger_Bands,"{'period': 20, 'std_dev': 1, 'take_profit_pct': 0.05, 'stop_loss_pct': 0.03}",2023-06-23 14:15:00-04:00,2023-12-01 12:00:00-05:00,1003599.919999999,79,64,15,0.00414850047855461
329,Bollinger_Bands,"{'period': 20, 'std_dev': 1.5, 'take_profit_pct': 0.05, 'stop_loss_pct': 0.03}",2023-06-23 14:15:00-04:00,2023-12-01 12:00:00-05:00,1008492.8099999998,57,45,12,0.005696462588800405
330,Bollinger_Bands,"{'period': 20, 'std_dev': 2, 'take_profit_pct': 0.05, 'stop_loss_pct': 0.03}",2023-06-23 14:15:00-04:00,2023-12-01 12:00:00-05:00,1010083.2399999993,36,26,10,0.0073201584886371
331,Bollinger_Bands,"{'period': 20, 'std_dev': 2.5, 'take_profit_pct': 0.05, 'stop_loss_pct': 0.03}",2023-06-23 14:15:00-04:00,2023-12-01 12:00:00-05:00,1002991.3500000003,22,11,11,0.003338692888310423
332,Bollinger_Bands,"{'period': 25, 'std_dev': 1, 'take_profit_pct': 0.05, 'stop_loss_pct': 0.03}",2023-06-23 14:15:00-04:00,2023-12-01 12:00:00-05:00,1005675.3599999998,69,56,13,0.004006057407090547
333,Bollinger_Bands,"{'period': 25, 'std_dev': 1.5, 'take_profit_pct': 0.05, 'stop_loss_pct': 0.03}",2023-06-23 14:15:00-04:00,2023-12-01 12:00:00-05:00,999504.7199999997,47,34,13,0.0038657673096591937
334,Bollinger_Bands,"{'period': 25, 'std_dev': 2, 'take_profit_pct': 0.05, 'stop_loss_pct': 0.03}",2023-06-23 14:15:00-04:00,2023-12-01 12:00:00-05:00,1001967.0000000002,29,20,9,0.007537237860917795
335,Bollinger_Bands,"{'period': 25, 'std_dev': 2.5, 'take_profit_pct': 0.05, 'stop_loss_pct': 0.03}",2023-06-23 14:15:00-04:00,2023-12-01 12:00:00-05:00,1003669.1000000003,20,12,8,0.008560606970442936
336,Sideways_Bollinger_Bands,"{'period': 10, 'std_dev': 0.5, 'rsi_window': 14, 'take_profit_pct': 0.05, 'stop_loss_pct': 0.03}",2023-06-23 14:15:00-04:00,2023-12-01 12:00:00-05:00,999701.3599999996,29,17,12,-0.000629268299621283
337,Sideways_Bollinger_Bands,"{'period': 10, 'std_dev': 0.5, 'rsi_window': 21, 'take_profit_pct': 0.05, 'stop_loss_pct': 0.03}",2023-06-23 14:15:00-04:00,2023-12-01 12:00:00-05:00,999939.8199999998,15,11,4,-0.00017057197933235222
338,Sideways_Bollinger_Bands,"{'period': 10, 'std_dev': 0.5, 'rsi_window': 28, 'take_profit_pct': 0.05, 'stop_loss_pct': 0.03}",2023-06-23 14:15:00-04:00,2023-12-01 12:00:00-05:00,1001210.3199999997,17,14,3,0.003613931304510963
339,Sideways_Bollinger_Bands,"{'period': 10, 'std_dev': 1, 'rsi_window': 14, 'take_profit_pct': 0.05, 'stop_loss_pct': 0.03}",2023-06-23 14:15:00-04:00,2023-12-01 12:00:00-05:00,1001256.9,36,24,12,0.0016815877474705156
340,Sideways_Bollinger_Bands,"{'period': 10, 'std_dev': 1, 'rsi_window': 21, 'take_profit_pct': 0.05, 'stop_loss_pct': 0.03}",2023-06-23 14:15:00-04:00,2023-12-01 12:00:00-05:00,1000532.72,26,19,7,0.0015842585317819176
341,Sideways_Bollinger_Bands,"{'period': 10, 'std_dev': 1, 'rsi_window': 28, 'take_profit_pct': 0.05, 'stop_loss_pct': 0.03}",2023-06-23 14:15:00-04:00,2023-12-01 12:00:00-05:00,1001738.49,21,16,5,0.00418298146864028
342,Sideways_Bollinger_Bands,"{'period': 15, 'std_dev': 0.5, 'rsi_window': 14, 'take_profit_pct': 0.05, 'stop_loss_pct': 0.03}",2023-06-23 14:15:00-04:00,2023-12-01 12:00:00-05:00,998393.7399999999,9,3,6,-0.0075421403466013615
343,Sideways_Bollinger_Bands,"{'period': 15, 'std_dev': 0.5, 'rsi_window': 21, 'take_profit_pct': 0.05, 'stop_loss_pct': 0.03}",2023-06-23 14:15:00-04:00,2023-12-01 12:00:00-05:00,998552.9500000001,7,3,4,-0.010344051830760937
344,Sideways_Bollinger_Bands,"{'period': 15, 'std_dev': 0.5, 'rsi_window': 28, 'take_profit_pct': 0.05, 'stop_loss_pct': 0.03}",2023-06-23 14:15:00-04:00,2023-12-01 12:00:00-05:00,1000665.6899999997,8,7,1,0.0033232598503174266
345,Sideways_Bollinger_Bands,"{'period': 15, 'std_dev': 1, 'rsi_window': 14, 'take_profit_pct': 0.05, 'stop_loss_pct': 0.03}",2023-06-23 14:15:00-04:00,2023-12-01 12:00:00-05:00,1000700.6599999998,23,14,9,0.0012175157176598974
346,Sideways_Bollinger_Bands,"{'period': 15, 'std_dev': 1, 'rsi_window': 21, 'take_profit_pct': 0.05, 'stop_loss_pct': 0.03}",2023-06-23 14:15:00-04:00,2023-12-01 12:00:00-05:00,999780.7800000003,17,11,6,-0.0004864061190110358
347,Sideways_Bollinger_Bands,"{'period': 15, 'std_dev': 1, 'rsi_window': 28, 'take_profit_pct': 0.05, 'stop_loss_pct': 0.03}",2023-06-23 14:15:00-04:00,2023-12-01 12:00:00-05:00,1001827.98,13,12,1,0.005897004294347899
348,Sideways_Bollinger_Bands,"{'period': 20, 'std_dev': 0.5, 'rsi_window': 14, 'take_profit_pct': 0.05, 'stop_loss_pct': 0.03}",2023-06-23 14:15:00-04:00,2023-12-01 12:00:00-05:00,998664.7499999997,11,5,6,-0.005262992833059129
349,Sideways_Bollinger_Bands,"{'period': 20, 'std_dev': 0.5, 'rsi_window': 21, 'take_profit_pct': 0.05, 'stop_loss_pct': 0.03}",2023-06-23 14:15:00-04:00,2023-12-01 12:00:00-05:00,998256.46,5,1,4,-0.017455261412872614
350,Sideways_Bollinger_Bands,"{'period': 20, 'std_dev': 0.5, 'rsi_window': 28, 'take_profit_pct': 0.05, 'stop_loss_pct': 0.03}",2023-06-23 14:15:00-04:00,2023-12-01 12:00:00-05:00,1000782.33,7,6,1,0.005383365591805843
351,Sideways_Bollinger_Bands,"{'period': 20, 'std_dev': 1, 'rsi_window': 14, 'take_profit_pct': 0.05, 'stop_loss_pct': 0.03}",2023-06-23 14:15:00-04:00,2023-12-01 12:00:00-05:00,999622.3600000001,22,14,8,-0.0006656224241716289
352,Sideways_Bollinger_Bands,"{'period': 20, 'std_dev': 1, 'rsi_window': 21, 'take_profit_pct': 0.05, 'stop_loss_pct': 0.03}",2023-06-23 14:15:00-04:00,2023-12-01 12:00:00-05:00,1000076.2300000001,12,8,4,6.178503961603004e-05
353,Sideways_Bollinger_Bands,"{'period': 20, 'std_dev': 1, 'rsi_window': 28, 'take_profit_pct': 0.05, 'stop_loss_pct': 0.03}",2023-06-23 14:15:00-04:00,2023-12-01 12:00:00-05:00,1001226.7400000005,10,8,2,0.004982505427298537
354,Dip_Recovery_Volume,"{'period': 10, 'std_dev': 0.5, 'take_profit_pct': 0.05, 'stop_loss_pct': 0.03}",2023-06-23 14:15:00-04:00,2023-12-01 12:00:00-05:00,995079.3599999998,45,34,11,0.003806494165560987
355,Dip_Recovery_Volume,"{'period': 10, 'std_dev': 1, 'take_profit_pct': 0.05, 'stop_loss_pct': 0.03}",2023-06-23 14:15:00-04:00,2023-12-01 12:00:00-05:00,999050.1000000001,40,29,11,0.003967940652303369
356,Dip_Recovery_Volume,"{'period': 15, 'std_dev': 0.5, 'take_profit_pct': 0.05, 'stop_loss_pct': 0.03}",2023-06-23 14:15:00-04:00,2023-12-01 12:00:00-05:00,971938.2599999997,46,34,12,0.0028905498760626916
357,Dip_Recovery_Volume,"{'period': 15, 'std_dev': 1, 'take_profit_pct': 0.05, 'stop_loss_pct': 0.03}",2023-06-23 14:15:00-04:00,2023-12-01 12:00:00-05:00,977129.1599999997,45,31,14,0.003226826507187751
358,Dip_Recovery_Volume,"{'period': 20, 'std_dev': 0.5, 'take_profit_pct': 0.05, 'stop_loss_pct': 0.03}",2023-06-23 14:15:00-04:00,2023-12-01 12:00:00-05:00,981185.32,43,33,10,0.004729663261232395
359,Dip_Recovery_Volume,"{'period': 20, 'std_dev': 1, 'take_profit_pct': 0.05, 'stop_loss_pct': 0.03}",2023-06-23 14:15:00-04:00,2023-12-01 12:00:00-05:00,983109.3500000003,37,28,9,0.004706958699404426
360,SMA_Crossover,"{'fast_period': 5, 'slow_period': 20, 'take_profit_pct': 0.05, 'stop_loss_pct': 0.03}",2023-08-18 13:45:00-04:00,2024-01-29 15:00:00-05:00,992925.1400000005,85,22,63,-0.004141683148738513
361,SMA_Crossover,"{'fast_period': 5, 'slow_period': 30, 'take_profit_pct': 0.05, 'stop_loss_pct': 0.03}",2023-08-18 13:45:00-04:00,2024-01-29 15:00:00-05:00,996519.2900000003,66,19,47,-0.002639116915754087
362,SMA_Crossover,"{'fast_period': 5, 'slow_period': 40, 'take_profit_pct': 0.05, 'stop_loss_pct': 0.03}",2023-08-18 13:45:00-04:00,2024-01-29 15:00:00-05:00,996184.5399999998,49,11,38,-0.003899481693897032
363,SMA_Crossover,"{'fast_period': 10, 'slow_period': 20, 'take_profit_pct': 0.05, 'stop_loss_pct': 0.03}",2023-08-18 13:45:00-04:00,2024-01-29 15:00:00-05:00,996735.84,76,25,51,-0.0021286918807944706
364,SMA_Crossover,"{'fast_period': 10, 'slow_period': 30, 'take_profit_pct': 0.05, 'stop_loss_pct': 0.03}",2023-08-18 13:45:00-04:00,2024-01-29 15:00:00-05:00,998707.5799999997,51,16,35,-0.0012660039110428602
365,SMA_Crossover,"{'fast_period': 10, 'slow_period': 40, 'take_profit_pct': 0.05, 'stop_loss_pct': 0.03}",2023-08-18 13:45:00-04:00,2024-01-29 15:00:00-05:00,997057.7700000001,41,11,30,-0.0035891834110124733
366,SMA_Crossover,"{'fast_period': 15, 'slow_period': 20, 'take_profit_pct': 0.05, 'stop_loss_pct': 0.03}",2023-08-18 13:45:00-04:00,2024-01-29 15:00:00-05:00,998923.8200000003,83,36,47,-0.0006480985793626446
367,SMA_Crossover,"{'fast_period': 15, 'slow_period': 30, 'take_profit_pct': 0.05, 'stop_loss_pct': 0.03}",2023-08-18 13:45:00-04:00,2024-01-29 15:00:00-05:00,999140.1500000005,48,16,32,-0.0007731697471158294
368,SMA_Crossover,"{'fast_period': 15, 'slow_period': 40, 'take_profit_pct': 0.05, 'stop_loss_pct': 0.03}",2023-08-18 13:45:00-04:00,2024-01-29 15:00:00-05:00,996461.7900000004,38,10,28,-0.004659669861113144
369,Bollinger_Bands,"{'period': 15, 'std_dev': 1, 'take_profit_pct': 0.05, 'stop_loss_pct': 0.03}",2023-08-18 13:45:00-04:00,2024-01-29 15:00:00-05:00,1007165.89,92,73,19,0.0040006860066882964
370,Bollinger_Bands,"{'period': 15, 'std_dev': 1.5, 'take_profit_pct': 0.05, 'stop_loss_pct': 0.03}",2023-08-18 13:45:00-04:00,2024-01-29 15:00:00-05:00,1011434.5600000004,63,48,15,0.00578487559738135
371,Bollinger_Bands,"{'period': 15, 'std_dev': 2, 'take_profit_pct': 0.05, 'stop_loss_pct': 0.03}",2023-08-18 13:45:00-04:00,2024-01-29 15:00:00-05:00,1007143.5600000004,41,28,13,0.004899208012713633
372,Bollinger_Bands,"{'period': 15, 'std_dev': 2.5, 'take_profit_pct': 0.05, 'stop_loss_pct': 0.03}",2023-08-18 13:45:00-04:00,2024-01-29 15:00:00-05:00,1001392.3699999996,20,10,10,0.0016707635532553608
373,Bollinger_Bands,"{'period': 20, 'std_dev': 1, 'take_profit_pct': 0.05, 'stop_loss_pct': 0.03}",2023-08-18 13:45:00-04:00,2024-01-29 15:00:00-05:00,1006436.5400000004,78,64,14,0.0035700606773416076
374,Bollinger_Bands,"{'period': 20, 'std_dev': 1.5, 'take_profit_pct': 0.05, 'stop_loss_pct': 0.03}",2023-08-18 13:45:00-04:00,2024-01-29 15:00:00-05:00,1013833.49,55,43,12,0.005627834730805648
375,Bollinger_Bands,"{'period': 20, 'std_dev': 2, 'take_profit_pct': 0.05, 'stop_loss_pct': 0.03}",2023-08-18 13:45:00-04:00,2024-01-29 15:00:00-05:00,1008041.7000000001,40,30,10,0.0056779190699222
376,Bollinger_Bands,"{'period': 20, 'std_dev': 2.5, 'take_profit_pct': 0.05, 'stop_loss_pct': 0.03}",2023-08-18 13:45:00-04:00,2024-01-29 15:00:00-05:00,999073.9000000001,21,10,11,0.0012331986825442967
377,Bollinger_Bands,"{'period': 25, 'std_dev': 1, 'take_profit_pct': 0.05, 'stop_loss_pct': 0.03}",2023-08-18 13:45:00-04:00,2024-01-29 15:00:00-05:00,1008269.3199999996,66,54,12,0.003789061634236686
378,Bollinger_Bands,"{'period': 25, 'std_dev': 1.5, 'take_profit_pct': 0.05, 'stop_loss_pct': 0.03}",2023-08-18 13:45:00-04:00,2024-01-29 15:00:00-05:00,1008636.4200000009,46,34,12,0.004346247992547669
379,Bollinger_Bands,"{'period': 25, 'std_dev': 2, 'take_profit_pct': 0.05, 'stop_loss_pct': 0.03}",2023-08-18 13:45:00-04:00,2024-01-29 15:00:00-05:00,1000618.3500000001,31,22,9,0.004344199432482228
380,Bollinger_Bands,"{'period': 25, 'std_dev': 2.5, 'take_profit_pct': 0.05, 'stop_loss_pct': 0.03}",2023-08-18 13:45:00-04:00,2024-01-29 15:00:00-05:00,1001626.8999999999,18,11,7,0.005400417416926973
381,Sideways_Bollinger_Bands,"{'period': 10, 'std_dev': 0.5, 'rsi_window': 14, 'take_profit_pct': 0.05, 'stop_loss_pct': 0.03}",2023-08-18 13:45:00-04:00,2024-01-29 15:00:00-05:00,999011.8600000001,29,17,12,-0.0014975535262285531
382,Sideways_Bollinger_Bands,"{'period': 10, 'std_dev': 0.5, 'rsi_window': 21, 'take_profit_pct': 0.05, 'stop_loss_pct': 0.03}",2023-08-18 13:45:00-04:00,2024-01-29 15:00:00-05:00,1000217.6900000001,22,15,7,0.0005762363286155692
383,Sideways_Bollinger_Bands,"{'period': 10, 'std_dev': 0.5, 'rsi_window': 28, 'take_profit_pct': 0.05, 'stop_loss_pct': 0.03}",2023-08-18 13:45:00-04:00,2024-01-29 15:00:00-05:00,1000819.6099999998,18,12,6,0.0024015677446852543
384,Sideways_Bollinger_Bands,"{'period': 10, 'std_dev': 1, 'rsi_window': 14, 'take_profit_pct': 0.05, 'stop_loss_pct': 0.03}",2023-08-18 13:45:00-04:00,2024-01-29 15:00:00-05:00,1001121.6199999994,35,24,11,0.0011851066664521868
385,Sideways_Bollinger_Bands,"{'period': 10, 'std_dev': 1, 'rsi_window': 21, 'take_profit_pct': 0.05, 'stop_loss_pct': 0.03}",2023-08-18 13:45:00-04:00,2024-01-29 15:00:00-05:00,1001867.0199999996,27,23,4,0.0028896244941047622
386,Sideways_Bollinger_Bands,"{'period': 10, 'std_dev': 1, 'rsi_window': 28, 'take_profit_pct': 0.05, 'stop_loss_pct': 0.03}",2023-08-18 13:45:00-04:00,2024-01-29 15:00:00-05:00,1002564.0000000001,22,19,3,0.004628631821993936
387,Sideways_Bollinger_Bands,"{'period': 15, 'std_dev': 0.5, 'rsi_window': 14, 'take_profit_pct': 0.05, 'stop_loss_pct': 0.03}",2023-08-18 13:45:00-04:00,2024-01-29 15:00:00-05:00,997872.4799999999,10,3,7,-0.009398441753404025
388,Sideways_Bollinger_Bands,"{'period': 15, 'std_dev': 0.5, 'rsi_window': 21, 'take_profit_pct': 0.05, 'stop_loss_pct': 0.03}",2023-08-18 13:45:00-04:00,2024-01-29 15:00:00-05:00,999010.4300000002,13,7,6,-0.0038056844425943983
389,Sideways_Bollinger_Bands,"{'period': 15, 'std_dev': 0.5, 'rsi_window': 28, 'take_profit_pct': 0.05, 'stop_loss_pct': 0.03}",2023-08-18 13:45:00-04:00,2024-01-29 15:00:00-05:00,1000715.1299999995,11,8,3,0.0026437466797470358
390,Sideways_Bollinger_Bands,"{'period': 15, 'std_dev': 1, 'rsi_window': 14, 'take_profit_pct': 0.05, 'stop_loss_pct': 0.03}",2023-08-18 13:45:00-04:00,2024-01-29 15:00:00-05:00,1000303.71,26,17,9,2.767828527555965e-05
391,Sideways_Bollinger_Bands,"{'period': 15, 'std_dev': 1, 'rsi_window': 21, 'take_profit_pct': 0.05, 'stop_loss_pct': 0.03}",2023-08-18 13:45:00-04:00,2024-01-29 15:00:00-05:00,1001379.5699999998,23,19,4,0.0019060717164744497
392,Sideways_Bollinger_Bands,"{'period': 15, 'std_dev': 1, 'rsi_window': 28, 'take_profit_pct': 0.05, 'stop_loss_pct': 0.03}",2023-08-18 13:45:00-04:00,2024-01-29 15:00:00-05:00,1002674.2399999999,16,16,0,0.0061466620468968855
393,Sideways_Bollinger_Bands,"{'period': 20, 'std_dev': 0.5, 'rsi_window': 14, 'take_profit_pct': 0.05, 'stop_loss_pct': 0.03}",2023-08-18 13:45:00-04:00,2024-01-29 15:00:00-05:00,996566.2799999996,12,4,8,-0.011634240742500787
394,Sideways_Bollinger_Bands,"{'period': 20, 'std_dev': 0.5, 'rsi_window': 21, 'take_profit_pct': 0.05, 'stop_loss_pct': 0.03}",2023-08-18 13:45:00-04:00,2024-01-29 15:00:00-05:00,997465.2799999999,10,4,6,-0.01034358251973861
395,Sideways_Bollinger_Bands,"{'period': 20, 'std_dev': 0.5, 'rsi_window': 28, 'take_profit_pct': 0.05, 'stop_loss_pct': 0.03}",2023-08-18 13:45:00-04:00,2024-01-29 15:00:00-05:00,999839.51,8,6,2,0.0017523375680662152
396,Sideways_Bollinger_Bands,"{'period': 20, 'std_dev': 1, 'rsi_window': 14, 'take_profit_pct': 0.05, 'stop_loss_pct': 0.03}",2023-08-18 13:45:00-04:00,2024-01-29 15:00:00-05:00,997566.9100000001,25,14,11,-0.002596094772038077
397,Sideways_Bollinger_Bands,"{'period': 20, 'std_dev': 1, 'rsi_window': 21, 'take_profit_pct': 0.05, 'stop_loss_pct': 0.03}",2023-08-18 13:45:00-04:00,2024-01-29 15:00:00-05:00,997830.45,15,10,5,-0.0014503513558080032
398,Sideways_Bollinger_Bands,"{'period': 20, 'std_dev': 1, 'rsi_window': 28, 'take_profit_pct': 0.05, 'stop_loss_pct': 0.03}",2023-08-18 13:45:00-04:00,2024-01-29 15:00:00-05:00,999752.1200000002,11,10,1,0.006003569687876007
399,Dip_Recovery_Volume,"{'period': 10, 'std_dev': 0.5, 'take_profit_pct': 0.05, 'stop_loss_pct': 0.03}",2023-08-18 13:45:00-04:00,2024-01-29 15:00:00-05:00,999849.0600000004,48,36,12,0.0023183517334670408
400,Dip_Recovery_Volume,"{'period': 10, 'std_dev': 1, 'take_profit_pct': 0.05, 'stop_loss_pct': 0.03}",2023-08-18 13:45:00-04:00,2024-01-29 15:00:00-05:00,1001574.6500000001,43,31,12,0.0017381267636837503
401,Dip_Recovery_Volume,"{'period': 15, 'std_dev': 0.5, 'take_profit_pct': 0.05, 'stop_loss_pct': 0.03}",2023-08-18 13:45:00-04:00,2024-01-29 15:00:00-05:00,981535.4100000001,46,32,14,0.002224133171272553
402,Dip_Recovery_Volume,"{'period': 15, 'std_dev': 1, 'take_profit_pct': 0.05, 'stop_loss_pct': 0.03}",2023-08-18 13:45:00-04:00,2024-01-29 15:00:00-05:00,984347.5999999999,42,28,14,0.0023325011476023677
403,Dip_Recovery_Volume,"{'period': 20, 'std_dev': 0.5, 'take_profit_pct': 0.05, 'stop_loss_pct': 0.03}",2023-08-18 13:45:00-04:00,2024-01-29 15:00:00-05:00,990051.8599999993,45,34,11,0.0032276963996747243
404,Dip_Recovery_Volume,"{'period': 20, 'std_dev': 1, 'take_profit_pct': 0.05, 'stop_loss_pct': 0.03}",2023-08-18 13:45:00-04:00,2024-01-29 15:00:00-05:00,988921.8199999998,38,27,11,0.002556454662869382
405,SMA_Crossover,"{'fast_period': 5, 'slow_period': 20, 'take_profit_pct': 0.05, 'stop_loss_pct': 0.03}",2024-02-06 13:45:00-05:00,2024-07-17 15:00:00-04:00,1004216.0000000001,87,34,53,0.002450383824003093
406,SMA_Crossover,"{'fast_period': 5, 'slow_period': 30, 'take_profit_pct': 0.05, 'stop_loss_pct': 0.03}",2024-02-06 13:45:00-05:00,2024-07-17 15:00:00-04:00,1002313.9699999997,70,28,42,0.001658042568460531
407,SMA_Crossover,"{'fast_period': 5, 'slow_period': 40, 'take_profit_pct': 0.05, 'stop_loss_pct': 0.03}",2024-02-06 13:45:00-05:00,2024-07-17 15:00:00-04:00,1004490.6999999996,55,18,37,0.00408046925310739
408,SMA_Crossover,"{'fast_period': 10, 'slow_period': 20, 'take_profit_pct': 0.05, 'stop_loss_pct': 0.03}",2024-02-06 13:45:00-05:00,2024-07-17 15:00:00-04:00,1002132.4900000003,77,28,49,0.0013875170323208667
409,SMA_Crossover,"{'fast_period': 10, 'slow_period': 30, 'take_profit_pct': 0.05, 'stop_loss_pct': 0.03}",2024-02-06 13:45:00-05:00,2024-07-17 15:00:00-04:00,1003914.7099999996,55,18,37,0.0035600094965991527
410,SMA_Crossover,"{'fast_period': 10, 'slow_period': 40, 'take_profit_pct': 0.05, 'stop_loss_pct': 0.03}",2024-02-06 13:45:00-05:00,2024-07-17 15:00:00-04:00,1004466.4599999996,47,18,29,0.0047482038610603345
411,SMA_Crossover,"{'fast_period': 15, 'slow_period': 20, 'take_profit_pct': 0.05, 'stop_loss_pct': 0.03}",2024-02-06 13:45:00-05:00,2024-07-17 15:00:00-04:00,1003091.7,86,38,48,0.001798756304581276
412,SMA_Crossover,"{'fast_period': 15, 'slow_period': 30, 'take_profit_pct': 0.05, 'stop_loss_pct': 0.03}",2024-02-06 13:45:00-05:00,2024-07-17 15:00:00-04:00,1005304.0999999997,55,22,33,0.004815864649223653
413,SMA_Crossover,"{'fast_period': 15, 'slow_period': 40, 'take_profit_pct': 0.05, 'stop_loss_pct': 0.03}",2024-02-06 13:45:00-05:00,2024-07-17 15:00:00-04:00,1002369.98,45,15,30,0.002638597356525972
414,Bollinger_Bands,"{'period': 15, 'std_dev': 1, 'take_profit_pct': 0.05, 'stop_loss_pct': 0.03}",2024-02-06 13:45:00-05:00,2024-07-17 15:00:00-04:00,1014263.4200000002,85,69,16,0.006222477317527239
415,Bollinger_Bands,"{'period': 15, 'std_dev': 1.5, 'take_profit_pct': 0.05, 'stop_loss_pct': 0.03}",2024-02-06 13:45:00-05:00,2024-07-17 15:00:00-04:00,1016151.6300000002,64,49,15,0.008395003765302935
416,Bollinger_Bands,"{'period': 15, 'std_dev': 2, 'take_profit_pct': 0.05, 'stop_loss_pct': 0.03}",2024-02-06 13:45:00-05:00,2024-07-17 15:00:00-04:00,1010561.2200000003,42,32,10,0.008863490901550586
417,Bollinger_Bands,"{'period': 15, 'std_dev': 2.5, 'take_profit_pct': 0.05, 'stop_loss_pct': 0.03}",2024-02-06 13:45:00-05:00,2024-07-17 15:00:00-04:00,1012988.5700000005,22,17,5,0.01342190280403146
418,Bollinger_Bands,"{'period': 20, 'std_dev': 1, 'take_profit_pct': 0.05, 'stop_loss_pct': 0.03}",2024-02-06 13:45:00-05:00,2024-07-17 15:00:00-04:00,1013662.1599999999,69,56,13,0.00668207978177242
419,Bollinger_Bands,"{'period': 20, 'std_dev': 1.5, 'take_profit_pct': 0.05, 'stop_loss_pct': 0.03}",2024-02-06 13:45:00-05:00,2024-07-17 15:00:00-04:00,1015601.3999999998,52,44,8,0.008052385625218463
420,Bollinger_Bands,"{'period': 20, 'std_dev': 2, 'take_profit_pct': 0.05, 'stop_loss_pct': 0.03}",2024-02-06 13:45:00-05:00,2024-07-17 15:00:00-04:00,1013388.73,35,29,6,0.010651836713168822
421,Bollinger_Bands,"{'period': 20, 'std_dev': 2.5, 'take_profit_pct': 0.05, 'stop_loss_pct': 0.03}",2024-02-06 13:45:00-05:00,2024-07-17 15:00:00-04:00,1007625.0400000003,23,17,6,0.010981358667221231
422,Bollinger_Bands,"{'period': 25, 'std_dev': 1, 'take_profit_pct': 0.05, 'stop_loss_pct': 0.03}",2024-02-06 13:45:00-05:00,2024-07-17 15:00:00-04:00,1013483.2200000007,60,47,13,0.00563955565729894
423,Bollinger_Bands,"{'period': 25, 'std_dev': 1.5, 'take_profit_pct': 0.05, 'stop_loss_pct': 0.03}",2024-02-06 13:45:00-05:00,2024-07-17 15:00:00-04:00,1016660.8700000002,44,38,6,0.008688401200538522
424,Bollinger_Bands,"{'period': 25, 'std_dev': 2, 'take_profit_pct': 0.05, 'stop_loss_pct': 0.03}",2024-02-06 13:45:00-05:00,2024-07-17 15:00:00-04:00,1015221.7499999999,30,24,6,0.013693848008996453
425,Bollinger_Bands,"{'period': 25, 'std_dev': 2.5, 'take_profit_pct': 0.05, 'stop_loss_pct': 0.03}",2024-02-06 13:45:00-05:00,2024-07-17 15:00:00-04:00,1008055.8699999999,23,15,8,0.011585117250235186
426,Sideways_Bollinger_Bands,"{'period': 10, 'std_dev': 0.5, 'rsi_window': 14, 'take_profit_pct': 0.05, 'stop_loss_pct': 0.03}",2024-02-06 13:45:00-05:00,2024-07-17 15:00:00-04:00,1001924.1399999998,24,17,7,0.004016983454742175
427,Sideways_Bollinger_Bands,"{'period': 10, 'std_dev': 0.5, 'rsi_window': 21, 'take_profit_pct': 0.05, 'stop_loss_pct': 0.03}",2024-02-06 13:45:00-05:00,2024-07-17 15:00:00-04:00,1000996.8300000003,16,12,4,0.0019139958906303008
428,Sideways_Bollinger_Bands,"{'period': 10, 'std_dev': 0.5, 'rsi_window': 28, 'take_profit_pct': 0.05, 'stop_loss_pct': 0.03}",2024-02-06 13:45:00-05:00,2024-07-17 15:00:00-04:00,1000963.7000000002,12,8,4,0.003707021485739882
429,Sideways_Bollinger_Bands,"{'period': 10, 'std_dev': 1, 'rsi_window': 14, 'take_profit_pct': 0.05, 'stop_loss_pct': 0.03}",2024-02-06 13:45:00-05:00,2024-07-17 15:00:00-04:00,1002054.0100000002,33,25,8,0.0033339467134097757
430,Sideways_Bollinger_Bands,"{'period': 10, 'std_dev': 1, 'rsi_window': 21, 'take_profit_pct': 0.05, 'stop_loss_pct': 0.03}",2024-02-06 13:45:00-05:00,2024-07-17 15:00:00-04:00,1000734.9399999997,15,11,4,0.004159047924555071
431,Sideways_Bollinger_Bands,"{'period': 10, 'std_dev': 1, 'rsi_window': 28, 'take_profit_pct': 0.05, 'stop_loss_pct': 0.03}",2024-02-06 13:45:00-05:00,2024-07-17 15:00:00-04:00,1000493.1899999997,10,7,3,0.005324560197836564
432,Sideways_Bollinger_Bands,"{'period': 15, 'std_dev': 0.5, 'rsi_window': 14, 'take_profit_pct': 0.05, 'stop_loss_pct': 0.03}",2024-02-06 13:45:00-05:00,2024-07-17 15:00:00-04:00,1000911.8600000001,14,9,5,0.003446141574916861
433,Sideways_Bollinger_Bands,"{'period': 15, 'std_dev': 0.5, 'rsi_window': 21, 'take_profit_pct': 0.05, 'stop_loss_pct': 0.03}",2024-02-06 13:45:00-05:00,2024-07-17 15:00:00-04:00,999113.9299999998,8,4,4,-0.0017940566273325618
434,Sideways_Bollinger_Bands,"{'period': 15, 'std_dev': 0.5, 'rsi_window': 28, 'take_profit_pct': 0.05, 'stop_loss_pct': 0.03}",2024-02-06 13:45:00-05:00,2024-07-17 15:00:00-04:00,999640.63,7,4,3,0.002120787091887156
435,Sideways_Bollinger_Bands,"{'period': 15, 'std_dev': 1, 'rsi_window': 14, 'take_profit_pct': 0.05, 'stop_loss_pct': 0.03}",2024-02-06 13:45:00-05:00,2024-07-17 15:00:00-04:00,1000037.3599999996,24,16,8,0.0018648442859333144
436,Sideways_Bollinger_Bands,"{'period': 15, 'std_dev': 1, 'rsi_window': 21, 'take_profit_pct': 0.05, 'stop_loss_pct': 0.03}",2024-02-06 13:45:00-05:00,2024-07-17 15:00:00-04:00,1000708.1499999998,10,8,2,0.00329055504109615
437,Sideways_Bollinger_Bands,"{'period': 15, 'std_dev': 1, 'rsi_window': 28, 'take_profit_pct': 0.05, 'stop_loss_pct': 0.03}",2024-02-06 13:45:00-05:00,2024-07-17 15:00:00-04:00,1000614.8499999999,9,6,3,0.0037188132615025454
438,Sideways_Bollinger_Bands,"{'period': 20, 'std_dev': 0.5, 'rsi_window': 14, 'take_profit_pct': 0.05, 'stop_loss_pct': 0.03}",2024-02-06 13:45:00-05:00,2024-07-17 15:00:00-04:00,1000426.79,19,12,7,0.0011238336790963107
439,Sideways_Bollinger_Bands,"{'period': 20, 'std_dev': 0.5, 'rsi_window': 21, 'take_profit_pct': 0.05, 'stop_loss_pct': 0.03}",2024-02-06 13:45:00-05:00,2024-07-17 15:00:00-04:00,999426.9099999999,6,4,2,2.41292046123173e-05
440,Sideways_Bollinger_Bands,"{'period': 20, 'std_dev': 0.5, 'rsi_window': 28, 'take_profit_pct': 0.05, 'stop_loss_pct': 0.03}",2024-02-06 13:45:00-05:00,2024-07-17 15:00:00-04:00,999867.78,7,5,2,0.0037424051621199445
441,Sideways_Bollinger_Bands,"{'period': 20, 'std_dev': 1, 'rsi_window': 14, 'take_profit_pct': 0.05, 'stop_loss_pct': 0.03}",2024-02-06 13:45:00-05:00,2024-07-17 15:00:00-04:00,1002169.6400000001,22,16,6,0.0027184452299219494
442,Sideways_Bollinger_Bands,"{'period': 20, 'std_dev': 1, 'rsi_window': 21, 'take_profit_pct': 0.05, 'stop_loss_pct': 0.03}",2024-02-06 13:45:00-05:00,2024-07-17 15:00:00-04:00,1000957.4000000001,6,5,1,0.006527156633470761
443,Sideways_Bollinger_Bands,"{'period': 20, 'std_dev': 1, 'rsi_window': 28, 'take_profit_pct': 0.05, 'stop_loss_pct': 0.03}",2024-02-06 13:45:00-05:00,2024-07-17 15:00:00-04:00,1000587.6400000001,7,4,3,0.004199064728891303
444,Dip_Recovery_Volume,"{'period': 10, 'std_dev': 0.5, 'take_profit_pct': 0.05, 'stop_loss_pct': 0.03}",2024-02-06 13:45:00-05:00,2024-07-17 15:00:00-04:00,1034900.4300000005,56,46,10,0.012123186174318417
445,Dip_Recovery_Volume,"{'period': 10, 'std_dev': 1, 'take_profit_pct': 0.05, 'stop_loss_pct': 0.03}",2024-02-06 13:45:00-05:00,2024-07-17 15:00:00-04:00,1025507.6700000004,52,43,9,0.012157551424926557
446,Dip_Recovery_Volume,"{'period': 15, 'std_dev': 0.5, 'take_profit_pct': 0.05, 'stop_loss_pct': 0.03}",2024-02-06 13:45:00-05:00,2024-07-17 15:00:00-04:00,1031499.3999999998,55,44,11,0.011852790043968527
447,Dip_Recovery_Volume,"{'period': 15, 'std_dev': 1, 'take_profit_pct': 0.05, 'stop_loss_pct': 0.03}",2024-02-06 13:45:00-05:00,2024-07-17 15:00:00-04:00,1024084.6699999996,50,43,7,0.01303552723885947
448,Dip_Recovery_Volume,"{'period': 20, 'std_dev': 0.5, 'take_profit_pct': 0.05, 'stop_loss_pct': 0.03}",2024-02-06 13:45:00-05:00,2024-07-17 15:00:00-04:00,1032184.1400000001,43,36,7,0.013689959343218098
449,Dip_Recovery_Volume,"{'period': 20, 'std_dev': 1, 'take_profit_pct': 0.05, 'stop_loss_pct': 0.03}",2024-02-06 13:45:00-05:00,2024-07-17 15:00:00-04:00,1020932.8099999994,38,31,7,0.013168434155055782
